article_cluster,article_count
2392,1
2393,1
2394,1
2395,1
2397,1
2398,1
2400,1
2402,1
2403,1
2404,1
2405,1
2406,1
2407,1
2408,1
2411,1
2412,1
2413,1
2414,1
2399,2
2401,4
2410,3
2295,10
2396,3
1827,8
722,74
69,274
129,271
6332,1
6334,2
6335,1
6336,1
6337,1
6339,1
6340,1
6341,1
6343,1
6344,1
6346,1
6347,1
6348,1
6349,1
6350,1
6351,1
6352,1
6353,1
6355,1
6358,1
6359,1
6360,1
6362,1
6363,1
6364,1
6365,1
6366,1
6367,1
6368,1
6369,1
6370,1
6372,1
6373,1
6374,1
6375,1
6376,1
6377,1
6378,1
6379,1
6380,1
6381,1
6383,1
6385,1
6386,1
6387,1
6388,1
6389,1
6390,1
6391,1
6261,7
6342,2
6361,2
6382,3
6092,8
6354,3
6333,2
6357,2
6305,32
6185,5
6356,4
797,1
798,1
799,1
800,1
801,1
802,1
803,1
804,1
805,1
806,1
807,2
808,1
809,1
811,1
813,1
814,1
815,1
816,1
817,1
818,1
820,1
821,1
822,1
826,1
827,1
829,2
830,1
831,1
832,1
833,1
836,1
837,1
838,1
839,1
840,1
841,1
842,1
843,1
844,1
845,1
846,1
849,1
850,1
851,1
852,2
853,1
854,1
855,1
856,1
857,1
858,1
859,1
860,1
861,1
862,1
863,1
864,1
865,1
867,1
868,1
869,1
870,1
871,1
872,1
873,1
877,1
878,1
879,1
880,1
881,1
882,1
884,1
885,1
886,1
810,2
819,2
823,2
848,2
847,2
789,8
232,14
825,2
727,8
796,4
18,7
259,10
361,5
812,2
834,3
525,16
874,2
460,5
866,2
666,22
4921,1
4922,1
4923,1
4924,1
4926,1
4928,1
4930,1
4931,1
4932,1
4933,1
4934,1
4935,1
4937,1
4938,1
4939,1
4940,1
4941,1
4942,1
4927,4
4925,2
4929,5
8705,1
8706,1
8707,1
8708,1
8709,1
8710,1
8711,1
8712,1
8713,1
8714,1
8715,1
8716,1
8717,1
8720,1
8724,1
8725,4
8726,1
8727,1
8728,1
8729,1
8730,1
8731,1
8733,1
8734,1
8735,1
8736,1
8737,2
8738,1
8739,1
8740,1
8741,3
8742,1
8743,1
8744,1
8745,1
8746,1
8747,1
8748,1
8749,1
8750,1
8752,1
8753,1
8755,1
8756,1
8758,1
8759,1
8762,1
8763,1
8764,1
8765,1
8766,1
8767,1
8768,1
8769,1
8770,2
8771,1
8772,1
8773,1
8774,1
8775,1
8776,1
8777,1
8778,1
8779,1
8780,1
8782,1
8783,1
8785,1
8786,2
8788,1
8790,1
8791,1
8792,1
8793,1
8794,1
8795,1
8796,1
8797,1
8798,1
8799,1
8801,1
8480,7
8573,7
8668,10
8704,2
8751,3
8757,2
8761,3
8781,7
8789,2
8800,4
8638,5
8697,7
8721,4
8722,3
8760,6
8784,4
8549,9
8732,2
8754,21
8787,3
3496,1
3497,1
3499,1
3500,1
3501,1
3502,2
3504,1
3505,1
3506,1
3507,1
3508,1
3509,1
3511,1
3512,1
3514,1
3515,1
3517,1
3518,1
3519,2
3521,3
3522,1
3523,1
3524,1
3525,1
3527,1
3528,1
3529,1
3530,1
3531,1
3532,1
3533,1
3535,1
3536,1
3539,1
3540,1
3541,1
3542,1
3543,1
3544,1
3545,1
3546,1
3425,9
3487,5
3510,2
3516,3
3526,3
3534,2
3538,2
2944,16
3098,5
3520,3
3503,2
3537,4
399,249
7277,1
7279,1
7280,1
7281,1
7282,1
7283,1
7284,1
7287,1
7289,1
7290,1
7292,1
7278,3
7291,3
7179,10
7288,3
2041,1
2042,1
2043,1
2044,1
2045,1
2046,1
2049,1
2050,1
2051,1
2052,1
2053,1
2054,1
2055,1
2057,4
2058,1
2060,1
2061,1
2062,1
2063,1
2048,2
2059,2
2038,6
2047,4
80,430
5974,1
5975,1
5976,1
5977,1
5978,1
5979,1
5981,1
5982,1
5984,1
5985,1
5986,1
5987,1
5988,1
5989,1
5990,1
5991,1
5992,1
5994,1
5995,1
5996,1
5997,1
5998,1
5999,1
6001,1
6002,1
6003,1
6004,1
6005,1
6006,1
6007,1
6009,1
6011,1
6012,1
6013,1
6015,1
6016,1
6018,1
6019,1
6020,1
6021,1
6022,1
6023,1
6024,1
6025,1
6028,1
6029,1
5993,3
6008,2
6010,5
6017,5
6030,3
6032,2
6026,7
5866,16
5980,3
6031,3
6000,2
5409,12
5053,58
10656,1
10657,1
10658,1
10659,1
10660,1
10661,1
10662,1
10663,1
10664,2
10665,1
10666,1
10667,1
10668,1
10669,1
10670,1
10671,1
10672,1
10673,1
10674,1
10675,1
10676,1
10677,1
10530,12
164,1
165,1
168,1
169,1
171,1
174,1
176,1
178,1
179,1
182,1
183,1
184,1
185,1
186,1
187,1
188,1
189,1
192,1
194,1
195,1
201,2
203,1
204,1
205,1
208,1
211,1
213,1
214,1
215,1
216,1
217,1
218,1
219,1
220,1
223,1
225,1
227,1
229,1
231,1
233,1
234,1
236,1
238,1
240,1
244,1
245,1
246,1
247,2
248,1
249,1
250,1
253,1
255,1
258,1
268,1
269,1
271,1
272,1
273,1
274,1
275,1
276,1
278,1
279,1
280,1
143,6
202,3
228,2
235,2
267,2
172,3
180,8
200,5
226,2
261,2
263,2
264,2
206,4
237,2
242,4
243,2
257,4
95,5
256,4
199,2
173,7
175,4
190,8
221,2
224,5
254,6
65,7
155,8
167,4
47,7
4630,1
4631,1
4632,1
4634,1
4635,1
4636,1
4638,1
4639,1
4643,1
4645,1
4646,1
4641,2
4629,4
4633,2
4644,4
4628,2
4647,2
4640,2
4595,7
4642,3
4637,4
8209,6
8214,1
8215,1
8216,1
8217,1
8218,1
8219,1
8220,1
8221,1
8222,1
8223,1
8227,1
8228,1
8229,1
8230,1
8231,1
8232,1
8233,1
8234,1
8235,1
8236,2
8237,1
8238,1
8239,1
8242,1
8243,1
8244,1
8246,1
8247,1
8248,1
8249,1
8250,1
8251,1
8252,1
8253,1
8254,1
8255,1
8256,1
8258,1
8259,1
8260,1
8261,1
8262,1
8263,1
8264,1
8241,2
8245,2
8257,2
8173,5
8224,3
8225,4
8240,2
8186,6
8226,4
3130,1
3131,1
3132,1
3134,1
3136,1
3137,1
3138,1
3139,1
3140,1
3142,1
3144,1
3145,1
3146,1
3147,1
3150,1
3152,1
3153,1
3154,1
3155,1
3156,1
3157,1
3133,2
2901,6
3135,3
3151,3
3158,2
3141,2
3149,2
2387,25
3123,7
2461,16
1656,39
1309,233
489,115
16,266
112,305
239,156
6976,1
6977,1
6979,1
6980,1
6981,1
6982,1
6984,1
6985,1
6986,1
6987,1
6988,1
6990,1
6991,1
6993,1
6992,2
6983,2
6975,4
6978,4
6926,11
1641,1
1642,1
1643,1
1644,1
1645,1
1646,1
1647,1
1649,1
1650,1
1651,1
1653,1
1654,1
1655,1
1658,1
1659,1
1660,1
1661,1
1666,1
1667,1
1668,1
1669,1
1670,1
1673,1
1674,1
1675,1
1676,1
1677,1
1679,1
1680,1
1681,1
1682,1
1684,1
1685,1
1686,1
1687,1
1688,1
1689,1
1690,1
1691,1
1692,1
1693,1
1694,1
1695,1
1696,1
1697,1
1381,9
1640,2
1657,2
1662,2
1347,6
1474,51
1664,2
1061,5
1348,6
1665,2
1678,2
1648,4
1663,3
1154,17
537,47
5590,1
5592,1
5593,1
5596,2
5597,2
5598,1
5599,1
5600,1
5602,1
5604,1
5605,1
5606,1
5607,1
5608,1
5609,1
5610,1
5611,2
5612,2
5613,1
5614,1
5615,1
5616,1
5618,1
5619,1
5620,1
5621,1
5622,1
5624,1
5625,1
5626,1
5627,1
5628,1
5629,1
5630,1
5631,1
5633,1
5636,1
5638,1
5639,1
5641,1
5550,9
5623,2
5637,2
5603,2
5635,3
5341,6
5617,6
5632,2
5229,22
5595,2
5640,2
3730,62
10036,1
10037,1
10038,1
10039,1
10040,1
10041,1
10042,1
10043,2
10044,1
10045,1
10046,1
10047,1
10048,1
10049,1
10050,1
10051,1
10052,1
10053,1
10054,1
10055,1
10056,2
10058,1
10059,1
10060,1
10061,1
10062,1
10063,1
10064,1
10066,1
10067,1
10068,1
10069,1
10070,1
10071,1
10072,1
10074,1
10075,1
10076,1
10077,1
10078,1
10079,1
10080,1
10081,1
10057,2
10065,2
10073,3
4267,1
4268,1
4269,1
4270,1
4271,1
4272,1
4273,1
4274,1
4275,1
4276,1
4277,1
4278,1
4279,1
4280,1
4281,1
4282,1
4283,1
4285,1
4286,1
4287,1
4288,1
4289,1
4291,1
4292,1
4293,1
4294,1
4296,1
4297,1
4298,1
4299,1
4303,1
4304,1
4305,1
4306,1
4309,1
4311,1
4312,1
4313,1
4314,1
3627,5
4307,2
4232,6
4290,3
3880,11
4301,4
4310,3
4300,2
4302,3
3659,9
4295,4
3579,13
2657,20
828,38
7921,1
7922,1
7923,1
7924,1
7925,1
7926,1
7927,1
7928,1
7931,1
7932,1
7933,1
7934,1
7935,1
7937,3
7939,1
7940,1
7941,1
7942,1
7944,1
7945,1
7946,1
7947,1
7949,1
7950,1
7952,1
7953,1
7954,1
7957,1
7958,1
7959,1
7962,1
7963,1
7964,1
7965,1
7966,1
7967,1
7968,1
7936,2
7956,2
7960,3
7929,4
7961,2
7943,2
7948,2
7951,4
7503,7
7839,14
7918,15
2763,1
2764,1
2765,1
2767,1
2769,1
2770,1
2771,1
2773,1
2774,1
2775,1
2776,1
2778,1
2779,1
2780,1
2782,1
2783,1
2784,1
2785,1
2786,1
2788,1
2790,1
2791,1
2792,1
2793,1
2794,1
2795,1
2796,1
2798,1
2801,1
2802,1
2803,1
2804,1
2805,1
2806,1
2807,1
2810,1
2811,1
2114,25
2768,2
2797,4
1179,70
2800,3
2348,6
2789,3
2781,4
2777,4
2808,4
2787,4
2026,23
2056,66
359,29
11,149
6657,2
6658,1
6659,1
6660,1
6661,1
6662,1
6663,1
6664,1
6665,2
6666,1
6667,1
6668,1
6669,1
6670,1
6671,1
6672,1
6673,1
6674,1
6675,1
6677,1
6678,1
6679,1
6681,1
6682,1
6683,1
6684,1
6685,1
6688,1
6690,1
6691,1
6693,1
6694,1
6695,1
6696,1
6697,1
6656,7
6645,12
6680,2
6689,2
6686,3
6676,2
6692,3
6027,46
6371,64
5700,127
1233,1
1235,1
1236,5
1237,1
1238,1
1239,1
1241,1
1242,1
1243,1
1244,1
1245,1
1246,1
1247,1
1249,2
1250,1
1251,1
1252,1
1253,1
1254,1
1257,1
1259,1
1261,1
1262,3
1263,1
1264,1
1265,1
1266,1
1267,1
1268,1
1269,1
1270,1
1271,1
1272,1
1274,1
1275,1
1276,1
1277,1
1278,1
1279,1
1280,1
1281,1
1283,1
1284,1
1285,1
1287,1
1288,1
1291,1
1292,1
1294,1
1295,1
1296,1
1297,1
989,13
1240,2
1286,2
1289,4
1293,3
1299,2
1155,5
1255,2
1234,2
1258,3
1260,7
1273,3
1282,4
1256,3
1298,2
1029,6
730,16
1248,3
61,36
8,480
5246,1
5247,1
5250,1
5251,1
5252,2
5253,1
5254,1
5255,1
5256,1
5259,1
5260,1
5261,1
5262,1
5264,1
5265,1
5266,1
5267,1
5271,1
5275,1
5276,1
5277,1
5278,1
5279,1
5280,1
5281,1
5282,1
5283,1
5284,1
5285,1
5286,1
5288,1
5289,1
5291,1
5292,1
5268,6
5273,2
5171,14
5269,4
5272,2
5293,4
5248,3
5290,2
5258,5
5263,3
9386,1
9387,1
9388,1
9389,1
9390,1
9391,1
9392,1
9393,1
9394,1
9395,1
9396,1
9397,1
9398,1
9400,1
9401,1
9402,1
9403,1
9404,1
9407,1
9408,1
9409,1
9410,1
9411,1
9412,1
9413,1
9414,1
9415,1
9416,1
9418,1
9419,1
9420,1
9421,7
9422,1
9423,1
9424,1
9425,1
9426,1
9427,1
9428,1
9429,1
9430,1
9431,6
9432,1
9433,1
9435,1
9436,2
9437,1
9438,1
9439,1
9440,1
9441,1
9442,1
9443,1
9444,1
9445,1
9446,1
9447,1
9448,1
9449,1
9450,1
9451,1
9453,1
9454,1
9455,1
9456,1
9457,1
9458,1
9459,1
9460,1
9461,1
9462,1
9464,1
9341,6
9405,3
9406,8
9434,3
9452,8
9463,2
9399,2
9417,2
3897,1
3898,1
3899,2
3900,1
3902,1
3903,1
3905,1
3906,1
3907,1
3910,4
3911,1
3913,1
3914,2
3915,1
3916,1
3918,1
3919,1
3920,1
3921,1
3922,1
3923,1
3924,1
3925,1
3926,1
3928,1
3929,1
3931,1
3932,1
3934,1
3936,1
3937,1
3939,1
3941,1
3942,1
3912,2
3938,2
3901,2
3917,2
3908,2
3930,2
3909,5
3940,2
3904,2
3927,3
3148,128
3933,3
2386,22
3619,7
1008,106
2952,16
480,215
1186,102
7591,1
7592,1
7593,1
7594,1
7595,1
7596,1
7597,1
7598,1
7599,1
7600,1
7601,1
7602,1
7603,1
7604,1
7605,1
7606,1
7607,2
7608,1
7609,1
3289,1
3291,1
3292,1
3296,2
3299,1
3300,1
3301,1
3302,2
3303,1
3304,1
3305,1
3306,1
3307,1
3308,1
3309,1
3310,1
3311,1
3312,1
3313,1
3314,1
3316,1
3317,1
3318,2
3319,1
3320,1
3321,1
3322,1
3323,1
3324,1
3326,1
3327,1
3328,1
3330,2
3331,1
3332,1
3334,1
3336,1
3337,1
3339,1
3335,2
3293,5
3295,4
3288,2
3340,2
3277,7
3268,5
3290,2
1754,35
3333,3
3315,4
2652,52
3298,4
230,59
634,23
140,290
7065,1
7066,1
7067,1
7068,1
7071,1
7072,1
7073,1
7074,1
7075,1
7076,1
7077,1
7078,1
7080,1
7081,1
7082,1
7083,2
7084,1
7086,1
7087,1
7088,1
7090,1
7091,1
7092,1
7070,2
7085,4
7089,2
7063,9
7069,3
7093,2
1744,1
1745,1
1746,1
1747,1
1748,1
1749,1
1750,1
1751,1
1752,1
1753,1
1756,1
1759,1
1760,1
1761,1
1762,1
1763,1
1764,1
1765,1
1766,1
1767,3
1769,1
1770,1
1771,1
1772,1
1775,1
1777,1
1778,1
1779,1
1780,2
1781,1
1782,1
1784,1
1785,1
1787,1
1788,1
1789,1
1791,1
1792,1
1794,1
1757,3
1776,2
1758,2
1774,2
1783,3
1537,37
1755,3
1768,2
1702,6
1786,4
1059,37
5790,1
5791,1
5795,1
5796,1
5799,1
5800,1
5802,1
5803,8
5804,1
5805,1
5806,2
5807,1
5809,1
5810,1
5811,1
5812,1
5813,1
5814,1
5815,1
5816,1
5817,1
5820,1
5821,1
5822,1
5825,1
5826,1
5827,1
5828,1
5830,1
5831,1
5832,1
5833,1
5834,1
5389,6
5794,3
5801,7
5818,3
5798,2
5823,3
5274,5
10266,1
10268,2
10269,1
10270,1
10274,1
10275,1
10276,1
10277,1
10278,2
10283,1
10285,1
10287,1
10288,1
10289,2
10290,1
10291,6
10292,1
10293,1
10294,1
10295,1
10296,1
10297,1
10299,1
10300,1
10301,1
10302,1
10303,1
10307,1
10308,1
10309,1
10310,1
10311,2
10312,2
10314,1
10317,1
10320,1
10321,1
10323,1
10325,1
10326,1
10327,1
10328,1
10329,1
10330,1
10332,1
10333,1
10334,1
10335,1
10336,1
10337,1
10340,1
10343,1
10344,2
10346,1
10347,1
10349,1
10350,1
10354,1
10355,1
10357,1
10358,1
10359,1
10360,1
10361,1
10363,1
10364,1
10365,1
10368,1
10370,1
10371,1
10373,1
10378,1
10381,1
10382,1
10134,6
10192,5
10236,5
10298,2
10313,2
10318,2
10324,2
10331,4
10338,2
10339,2
10342,2
10356,3
10366,4
10367,2
10372,4
10376,2
10108,28
10110,40
10116,37
10121,8
10123,20
10124,41
10127,7
10141,56
10186,11
10197,12
10252,12
10280,2
10284,5
10306,2
10319,3
10345,2
10348,2
10369,2
10375,8
10379,3
10383,2
10384,2
10385,4
10386,2
10112,73
10122,5
10238,7
10271,5
10273,3
10279,7
10304,2
10315,3
10322,4
10352,2
10353,3
10377,2
10281,11
10286,2
10374,2
10133,23
10143,6
10243,6
10316,2
10341,2
10362,2
4359,1
4360,1
4361,1
4362,1
4363,1
4364,1
4366,1
4367,1
4368,1
4370,1
4371,2
4372,1
4377,1
4378,1
4379,1
4381,1
4382,1
4383,1
4384,1
4385,1
4386,1
4390,1
4391,1
4392,1
4393,1
4394,1
4395,1
4396,1
4397,1
4398,1
4400,1
4402,1
4388,3
4401,2
4347,5
4375,2
4376,3
4380,2
4387,2
4337,10
4399,2
4357,6
4369,4
4374,2
4236,19
4365,2
3297,16
2586,34
3100,48
2435,42
8084,3
8085,1
8086,1
8087,1
8088,1
8089,1
8091,1
8093,1
8094,1
8095,1
8096,1
8097,1
8099,1
8100,1
8101,1
8102,1
8103,1
8104,1
8105,1
8106,1
8107,1
8108,1
8109,1
8110,1
8111,1
8112,1
8113,1
8114,1
8115,1
8117,1
8118,1
8119,1
8120,1
8122,1
8123,1
8098,2
7783,12
8116,3
8121,2
8090,2
8092,2
7888,14
2943,1
2945,1
2947,1
2948,1
2950,1
2951,1
2953,1
2955,1
2956,1
2957,1
2958,1
2959,1
2960,1
2961,1
2962,1
2963,1
2965,1
2966,1
2967,1
2968,1
2969,1
2971,1
2972,1
2973,1
2974,1
2975,2
2976,1
2977,1
2978,1
2979,1
2980,1
2982,1
2983,1
2984,1
2985,1
2986,1
2987,1
2989,1
2990,1
2992,1
2995,1
2996,1
2997,1
2998,1
3001,1
3008,1
2981,2
2991,2
3004,2
2831,9
2919,13
2479,16
3002,2
2515,9
3000,2
2946,2
2999,2
3007,2
3009,2
2589,24
3006,2
2954,2
2949,4
2247,9
23,362
43,145
24,198
533,14
6740,1
6742,1
6743,1
6744,1
6745,1
6746,1
6747,1
6748,1
6749,1
6750,1
6751,1
6752,1
6753,1
6754,2
6755,1
6758,1
6759,2
6760,1
6761,1
6762,1
6763,1
6765,1
6767,1
6768,1
6769,1
6770,1
6771,1
6772,1
6773,1
6774,1
6775,1
6649,10
6741,2
6687,6
1390,1
1392,1
1393,1
1394,1
1395,1
1396,1
1398,1
1399,1
1400,1
1402,1
1403,1
1404,1
1391,2
1405,2
1388,2
1389,4
713,11
5396,1
5397,1
5398,1
5399,1
5400,1
5401,1
5403,1
5404,1
5406,1
5407,1
5408,1
5410,2
5412,1
5413,1
5414,1
5415,1
5416,1
5417,1
5418,1
5419,3
5420,1
5422,1
5423,1
5425,1
5426,1
5427,2
5428,1
5429,1
5430,1
5431,1
5433,1
5435,1
5436,1
5437,1
5438,2
5442,1
5443,1
5444,1
5445,1
5446,1
5449,1
5451,1
5453,1
5454,2
5455,1
5456,1
5459,1
5460,1
5461,1
5462,1
5464,1
5465,1
5466,1
5467,1
5468,1
5469,1
5470,1
5471,1
5472,1
5473,1
5474,1
5270,14
5421,2
5434,2
5452,2
5458,2
5448,2
5447,2
5439,4
5475,4
5432,3
5411,7
5402,2
5450,4
5424,3
2920,253
3498,90
9519,1
9524,1
9526,1
9529,1
9536,1
9539,1
9540,1
9547,1
9548,1
9553,1
9554,1
9558,1
9559,1
9563,1
9566,10
9568,1
9571,1
9573,1
9575,1
9576,1
9577,1
9581,1
9582,1
9584,1
9585,1
9586,1
9587,1
9590,1
9591,1
9592,4
9593,1
9597,2
9599,1
9600,1
9601,1
9602,1
9604,1
9607,1
9609,1
9610,1
9615,1
9617,1
9618,4
9619,1
9620,1
9622,1
9623,1
9624,1
9625,1
9626,1
9628,1
9630,2
9631,1
9632,1
9633,1
9637,1
9638,1
9640,1
9642,1
9644,1
9645,1
9646,1
9647,1
9648,1
9656,1
9657,1
9562,6
9612,4
9627,2
9641,5
9652,2
9527,20
9555,3
9560,3
9570,2
9594,2
9621,3
9629,2
9636,3
9650,3
9654,2
9655,4
9538,3
9542,16
9551,6
9569,3
9578,3
9589,10
9596,5
9606,13
9608,4
9611,4
9533,8
9537,4
9545,3
9649,3
9651,3
9653,4
9525,3
9567,3
9572,3
9595,2
9160,5
4008,1
4009,1
4011,1
4012,1
4013,1
4014,1
4016,1
4017,1
4018,1
4020,1
4021,1
4022,1
4025,1
4026,1
4028,1
4030,1
4031,1
4032,1
4033,1
4034,1
4007,2
4015,2
4010,4
4024,2
4023,3
4035,3
3460,5
4019,2
4027,3
7720,1
7721,1
7722,1
7723,1
7724,1
7725,2
7726,1
7727,1
7728,1
7729,1
7731,1
7733,1
7735,1
7736,1
7737,1
7739,1
7740,1
7741,1
7742,1
7743,1
7744,1
7745,1
7747,1
7751,1
7752,1
7754,2
7755,1
7756,1
7757,1
7758,1
7759,1
7761,1
7762,1
7763,1
7764,1
7765,1
7767,1
7768,1
7769,1
7770,1
7771,1
7772,1
7773,1
7774,1
7778,1
7779,2
7782,1
7784,1
7786,1
7788,1
7750,3
7753,4
7777,2
7780,2
7746,2
7781,2
7569,22
7738,2
7776,2
7749,2
7760,2
7785,2
7766,3
7730,2
7748,2
7787,3
2457,5
2518,1
2519,1
2521,1
2523,1
2524,2
2525,1
2529,2
2530,1
2532,1
2533,1
2534,1
2535,1
2536,1
2537,1
2538,1
2541,1
2542,1
2545,1
2546,1
2547,1
2548,1
2549,1
2550,1
2551,1
2554,1
2555,1
2556,1
2557,1
2558,1
2559,1
2562,1
2564,1
2566,1
2568,1
2570,1
2572,1
2574,1
2576,1
2577,1
2579,1
2580,1
2581,1
2582,1
2583,1
2584,1
2585,1
2587,1
2590,1
2591,1
2594,1
2567,2
2575,2
2578,2
2565,5
2588,2
2592,2
2512,5
2573,3
2560,2
2543,2
2569,2
2528,2
2531,2
2552,2
2593,2
2526,3
2553,2
2571,3
2221,5
2260,9
2517,3
2544,4
2520,4
2561,3
2539,3
329,207
128,227
302,25
305,22
608,241
6452,1
6454,1
6455,1
6456,1
6457,1
6458,1
6459,1
6460,1
6461,1
6463,1
6464,1
6465,1
6467,1
6468,1
6469,1
6470,1
6471,1
6472,1
6442,5
6450,2
6453,2
6466,2
6462,2
6451,2
5808,9
3463,97
1002,1
1006,1
1009,1
1011,1
1012,1
1013,1
1014,1
1015,1
1016,1
1017,1
1020,1
1021,1
1023,1
1019,3
1010,2
955,64
345,6
651,16
1022,3
1003,2
1005,4
5041,1
5042,1
5043,1
5044,1
5045,1
5046,1
5047,1
5048,1
5050,1
5051,1
5052,1
5055,1
5056,1
5057,1
5059,1
5061,1
5063,1
5064,1
5066,1
5067,1
5068,1
5070,1
5071,1
5072,1
5075,1
5077,2
5078,1
5079,1
5080,1
5082,1
5083,1
5084,1
5085,1
5086,1
5087,1
5088,1
5089,2
5090,1
5091,1
5092,1
5093,1
5095,1
5096,1
5097,1
5069,2
5074,7
5076,4
5081,2
5065,2
5049,2
5058,3
5060,2
5062,3
4936,10
4769,6
5054,3
2970,80
3495,82
8897,1
8898,1
8899,1
8900,1
8901,1
8902,1
8903,1
8904,1
8905,3
8906,1
8907,1
8908,1
8909,3
8910,1
8911,1
8912,1
8913,1
8914,1
8915,1
8916,1
3669,1
3670,1
3671,1
3675,1
3676,1
3677,1
3678,1
3679,1
3680,1
3681,1
3682,1
3683,1
3684,1
3685,1
3686,1
3687,1
3688,1
3690,1
3691,1
3692,1
3693,1
3672,2
3674,2
3569,8
3673,3
7390,1
7391,1
7392,1
7393,1
7394,1
7395,1
7396,1
7397,1
7398,1
7399,1
7400,1
7401,1
7403,1
7404,1
7405,1
7406,1
7407,2
7411,1
7412,1
7413,1
7414,1
7416,1
7417,1
7418,1
7419,1
7420,1
7422,1
7423,1
7425,3
7426,1
7427,1
7428,1
7429,1
7430,2
7432,1
7433,1
7434,1
7435,1
7438,1
7439,1
7442,1
7443,1
7445,1
7447,1
7450,1
7451,1
7453,1
7454,1
7455,1
7457,1
7458,1
7459,1
7460,1
7461,1
7462,1
7463,1
7464,1
7465,1
7466,1
7467,1
7468,1
7469,1
7437,4
7446,3
7424,7
7431,15
7440,4
7441,3
7452,2
7301,5
7117,7
7410,3
7444,2
7415,5
6955,13
7436,2
7402,3
7409,3
7456,2
7095,5
7347,11
2101,1
2102,1
2104,1
2105,1
2106,1
2107,1
2108,1
2109,1
2111,1
2112,1
2113,1
2115,3
2118,1
2119,1
2120,1
2122,1
2123,1
2124,1
2125,1
2126,1
2129,1
2130,1
2133,1
2134,1
2137,1
2138,1
2139,1
2140,1
2141,1
2142,1
2143,1
2144,1
2146,1
2147,1
2148,1
2149,1
2150,1
2151,1
2153,1
2154,1
2155,1
2116,8
2117,2
2132,2
1945,6
2089,5
2100,2
2121,12
2128,3
2145,2
2127,2
2103,3
1773,52
2136,5
32,799
1066,32
241,173
6136,1
6137,1
6139,1
6141,1
6142,1
6143,1
6144,1
6145,1
6146,1
6147,1
6148,1
6149,1
6150,1
6151,1
6154,1
6155,1
6158,1
6162,1
6163,1
6152,4
6138,4
6156,2
6140,2
6153,4
6104,8
6157,3
4840,24
10403,5
10856,6
10946,1
10947,1
10948,1
10949,1
10950,1
10951,1
10952,1
10953,1
10954,1
10955,1
10956,1
10957,2
10958,1
10959,1
10960,1
10961,1
10962,1
10963,1
10964,1
10965,1
10966,1
10967,1
10969,1
10970,1
10971,1
10972,1
10973,1
10974,1
10975,1
10976,1
10977,1
10978,1
10979,1
10980,1
10981,1
10982,2
10983,1
10984,1
10985,1
10986,1
10987,1
10988,1
10989,1
10990,1
10991,1
10992,1
10993,1
10994,1
10995,1
10997,1
10998,1
10999,1
11000,1
11001,1
11002,1
11003,1
11004,1
11006,1
11007,1
11008,1
11009,1
11010,1
11011,1
11012,2
11013,1
11014,1
11015,1
11016,1
11017,1
11019,1
11020,1
11021,1
11022,1
11024,1
11025,2
11026,1
11027,1
11029,1
11030,1
11031,1
11032,2
11033,1
11034,1
11035,1
11036,1
11037,1
11038,1
11039,1
11040,1
10510,20
10724,19
10735,7
10786,19
10827,23
10834,9
10868,11
10945,5
10968,2
10996,2
11005,4
11018,3
11023,2
11028,2
496,1
499,1
500,1
501,1
504,1
505,1
507,1
511,1
514,1
517,1
519,15
521,1
522,1
523,1
526,1
527,1
528,1
529,1
530,1
531,1
532,1
535,1
536,1
538,1
539,1
540,1
543,1
544,1
546,1
549,1
550,2
551,2
552,1
553,1
554,1
555,1
556,1
557,1
560,1
561,1
564,1
566,1
568,1
569,1
570,1
572,1
573,1
574,1
575,1
508,2
559,2
571,3
354,6
372,10
469,5
485,6
502,2
545,4
558,2
210,36
260,6
367,5
515,2
516,4
520,5
105,13
151,24
251,12
325,16
149,23
277,16
547,2
542,2
509,2
576,3
495,4
510,2
4714,1
4715,1
4716,1
4717,1
4718,1
4719,1
4720,1
4721,1
4723,1
4724,1
4725,1
4726,1
4727,1
4728,1
4729,1
4731,1
4732,1
4733,1
4734,1
4735,1
4736,1
4739,1
4741,1
4742,1
4743,1
4744,1
4746,1
4747,1
4748,1
4749,1
4753,1
4754,1
4755,1
4756,1
4759,1
4761,1
4762,1
4763,1
4764,1
4757,2
4500,13
4605,5
4752,2
4737,2
4750,2
4745,3
4758,2
4676,5
4730,3
4483,8
4738,2
4722,2
3651,30
4765,3
2422,77
1878,25
8318,1
8319,1
8320,1
8321,1
8322,1
8323,1
8324,1
8325,1
8326,1
8327,1
8328,1
8329,1
8330,1
8331,1
8332,1
8333,1
7852,1
7853,2
7854,1
7855,1
7857,1
7858,1
7859,1
7862,1
7863,1
7864,1
7865,1
7866,1
7867,1
7868,1
7869,1
7870,1
7872,1
7873,1
7856,2
7861,6
7294,11
7871,2
7860,2
2716,1
2717,1
2718,1
2719,1
2720,1
2721,1
2722,1
2723,1
2726,1
2727,1
2728,1
2730,1
2731,1
2732,1
2733,1
2734,1
2736,1
2737,1
2738,1
2739,1
2740,1
2725,2
2643,12
2724,4
2735,2
2665,9
2715,3
6555,1
6556,1
6557,1
6558,1
6559,1
6560,1
6561,1
6562,2
6563,1
6564,1
6565,1
6566,1
6567,1
6569,1
6570,2
6572,1
6573,1
6577,1
6579,1
6580,1
6581,1
6582,1
6583,1
6584,1
6585,2
6586,1
6587,1
6588,1
6592,1
6594,1
6595,1
6596,1
6597,1
6599,1
6600,1
6602,1
6603,1
6605,1
6606,1
6607,1
6608,1
6609,1
6610,1
6611,1
6612,1
6613,1
6615,1
6604,2
6614,2
6571,5
6574,3
6578,2
6601,2
6499,33
6598,2
6511,30
6289,9
6589,2
6576,3
6490,256
6244,6
6590,2
5573,9
1085,1
1086,1
1087,1
1088,1
1091,1
1092,1
1093,1
1094,1
1095,1
1096,1
1097,1
1099,1
1100,1
1102,1
1103,1
1104,1
1105,1
1106,1
1107,1
1109,1
1110,1
1111,1
1114,1
1115,1
1116,1
1118,1
1119,1
1121,1
1122,1
1124,1
1125,1
1126,1
1127,1
1128,1
1129,1
1130,1
1131,2
1132,1
1134,2
1135,1
1136,1
1138,1
1139,1
1140,1
1142,1
1144,1
1145,1
1146,1
1147,1
1149,1
1150,1
1151,1
1152,1
1098,4
1112,2
1143,2
1113,2
1123,2
1120,3
1108,7
1153,4
1090,3
1137,4
1141,2
1101,2
5198,1
5199,1
5200,1
5203,1
5204,1
5205,1
5207,1
5208,1
5209,1
5210,1
5211,1
5212,1
5213,1
5214,1
5216,1
5217,1
5218,1
5220,1
5221,1
4869,8
5150,5
5073,17
5215,2
5219,2
4710,56
3394,20
9179,1
9180,1
9181,4
9182,1
9183,1
9184,1
9185,1
9186,1
9187,1
9188,1
9189,1
9191,1
9192,1
9194,1
9195,1
9196,1
9197,1
9198,1
9199,1
9201,1
9202,1
9203,1
9204,1
9205,1
9206,1
9207,1
9208,1
9209,1
9211,1
9212,1
9213,2
9214,1
9215,1
9216,1
9217,2
9218,1
9219,1
9221,1
9222,1
9223,1
9225,1
9226,1
9227,1
9228,1
9229,2
9232,1
9233,1
9234,1
9235,1
9236,1
9237,5
9238,4
9239,1
9240,12
9243,1
9244,1
9246,1
9247,1
9248,1
9249,1
9250,2
9252,1
9253,1
9254,1
9256,1
9257,1
9259,1
9260,1
9261,1
9262,1
9263,1
9264,1
9266,1
9267,1
9268,2
9270,1
9271,2
9272,1
9273,1
9274,1
9275,1
9276,1
9277,1
9278,1
9279,1
9281,1
9282,1
9283,1
9284,1
9285,1
9286,1
9287,1
9288,1
8995,8
9071,12
9110,12
9137,6
9210,2
9251,2
9255,2
9265,2
8917,44
8923,36
8981,7
8998,40
9029,29
9043,9
9091,15
9220,2
9224,2
9242,4
9269,3
8968,8
9060,11
9081,7
9101,7
9193,3
9258,5
9280,6
9129,6
9230,3
9200,2
9074,19
3770,1
3771,1
3772,1
3773,1
3775,1
3776,1
3778,1
3779,2
3780,1
3781,1
3782,1
3785,1
3787,1
3788,1
3789,1
3790,1
3791,1
3792,1
3794,2
3795,1
3797,1
3798,1
3799,1
3801,1
3802,1
3803,1
3805,1
3806,1
3807,1
3809,1
3810,1
3811,1
3812,1
3814,1
3815,1
3819,1
3820,1
3821,1
3793,2
3822,2
3818,2
3784,4
3796,3
3808,2
3817,3
3800,9
3786,2
3804,3
3816,2
3783,3
2766,15
2994,13
562,144
7557,1
7558,1
7560,1
7561,1
7562,1
7564,1
7565,1
7566,1
7567,1
7568,1
7570,1
7571,1
7338,7
7559,2
7563,5
7572,2
7285,23
2313,1
2314,1
2315,1
2316,1
2317,1
2318,1
2319,1
2320,1
2321,1
2322,1
2325,1
2326,1
2327,1
2328,1
2329,1
2330,1
2331,1
2332,1
2333,1
2335,1
2338,1
2339,1
2343,1
2344,1
2349,1
2351,1
2352,1
2354,1
2355,1
2357,1
2358,1
2359,1
2307,6
2312,4
2336,2
2334,2
2323,3
2346,3
2340,2
1877,9
2337,2
2353,4
1484,14
2341,2
2345,3
2350,3
1699,14
1793,7
209,83
420,178
44,160
34,228
541,42
6228,1
6229,1
6230,1
6231,1
6232,1
6233,6
6236,1
6237,1
6238,1
6239,1
6240,1
6242,1
6243,1
6245,1
6247,1
6248,2
6249,1
6250,1
6251,1
6252,1
6253,2
6254,1
6256,1
6257,1
6258,1
6259,1
6260,1
6262,1
6263,1
6264,1
6265,1
6266,1
6267,1
6268,1
6269,1
6270,1
6271,1
6272,1
6273,1
6275,1
6276,1
6277,1
6278,1
6234,2
6241,2
6160,5
6255,2
6219,6
6246,2
6235,4
6170,11
5185,24
5591,6
648,1
649,1
650,1
652,1
653,1
654,1
655,1
656,3
657,1
660,1
661,1
662,1
664,1
665,1
667,1
668,1
669,1
670,1
671,2
672,2
673,4
677,1
680,1
681,1
682,1
683,1
684,1
685,1
686,1
687,1
688,1
689,1
690,1
691,1
693,1
694,1
695,1
696,1
697,1
698,1
700,1
701,1
702,1
703,1
704,1
705,1
706,1
708,1
710,1
712,1
714,1
715,1
716,1
675,2
692,2
27,49
92,5
266,6
678,3
707,2
481,6
658,2
120,7
679,4
427,12
709,2
614,5
4870,1
4875,1
4876,1
4877,1
4878,1
4880,1
4881,1
4882,1
4883,1
4884,1
4885,1
4886,1
4887,1
4888,1
4889,1
4890,2
4892,1
4893,1
4896,1
4897,1
4898,1
4899,1
4900,1
4901,1
4903,1
4904,1
4905,1
4543,6
4902,2
4879,3
4867,2
4871,2
4874,2
4895,13
4865,4
4868,4
4665,5
4891,3
3568,40
8431,5
8482,3
8484,5
8485,1
8486,1
8487,1
8488,1
8489,2
8490,1
8492,1
8493,1
8495,1
8496,1
8497,1
8501,1
8502,1
8503,1
8504,1
8505,1
8507,1
8508,1
8511,1
8512,1
8513,1
8514,1
8515,1
8517,1
8518,1
8520,1
8522,1
8523,1
8524,1
8525,3
8527,1
8528,1
8529,1
8532,2
8534,2
8535,1
8536,1
8538,1
8539,1
8540,1
8541,1
8542,1
8543,1
8544,1
8545,1
8546,1
8548,1
8550,1
8552,1
8553,1
8554,1
8556,1
8557,1
8559,1
8560,1
8561,1
8562,1
8563,1
8566,1
8571,1
8574,1
8575,1
8576,1
8578,1
8581,1
8582,1
8583,1
8585,1
8479,6
8483,11
8509,4
8537,2
8547,2
8570,2
8572,2
8577,4
8346,41
8349,88
8364,5
8370,9
8373,25
8379,7
8409,14
8410,23
8449,6
8500,8
8506,4
8510,4
8521,2
8555,4
8558,2
8586,4
8348,74
8351,34
8356,26
8357,6
8361,6
8377,58
8380,22
8387,33
8396,8
8405,5
8427,46
8467,5
8499,7
8516,3
8519,3
8551,2
8369,21
8375,16
8404,33
8491,2
8526,2
8568,3
8569,3
8584,2
8353,6
8580,3
3398,1
3399,1
3401,1
3402,2
3405,1
3406,1
3407,1
3408,1
3409,1
3410,1
3411,1
3412,1
3414,1
3415,1
3416,1
3417,1
3418,1
3419,1
3420,1
3421,1
3422,1
3423,1
3424,1
3426,1
3428,1
3430,1
3431,1
3432,1
3433,1
3434,1
3413,4
3429,2
3403,4
3404,4
3396,2
3113,8
2131,71
3203,9
3329,15
3435,3
2516,31
1890,96
13,218
482,136
7223,1
7224,1
7225,1
7226,1
7227,1
7228,1
7231,1
7232,1
7233,1
7235,1
7236,1
7238,1
7239,1
7240,4
7242,1
7246,1
7248,1
7250,1
7251,1
7252,1
7253,1
7254,1
7229,2
7234,2
7237,4
7244,2
7241,5
7243,2
7079,5
7230,2
7247,3
7249,2
7222,4
6899,28
6920,15
5793,32
1948,1
1951,2
1952,1
1953,1
1954,1
1955,1
1956,1
1958,1
1960,1
1961,1
1962,1
1963,1
1965,1
1966,1
1967,1
1968,1
1969,2
1970,1
1971,1
1972,1
1973,1
1974,1
1975,1
1976,1
1977,1
1978,1
1979,1
1980,1
1981,1
1982,1
1983,1
1984,1
1985,1
1986,1
1987,1
1988,1
1990,2
1991,16
1992,1
1994,1
1995,1
1996,1
1997,1
1998,1
1999,1
2001,1
2002,1
2003,1
2004,1
2005,1
2007,1
2008,1
2009,1
2010,1
2011,1
2012,1
1912,6
1950,2
1683,15
1964,3
1989,2
1959,2
1993,2
410,44
252,26
6,460
5878,1
5879,1
5880,1
5881,1
5882,1
5883,1
5884,1
5885,1
5888,2
5889,1
5892,1
5893,1
5895,1
5896,1
5897,1
5898,1
5899,1
5901,1
5902,1
5903,1
5904,1
5905,1
5906,1
5908,1
5909,1
5910,1
5911,1
5912,1
5913,1
5914,1
5915,1
5916,1
5917,1
5921,1
5922,1
5923,1
5924,1
5900,2
5920,2
5877,7
5918,2
5819,7
5797,41
5907,2
5886,4
5891,2
5894,2
5335,44
3642,31
10592,1
10593,1
10594,1
10595,1
10596,1
10597,1
10599,1
10600,1
10601,1
10603,1
10604,1
10605,1
10606,1
10607,1
10608,1
10609,1
10610,1
10611,1
10612,1
10613,1
10614,1
10615,1
10616,1
10617,1
10618,1
10619,1
10620,1
10621,1
10598,4
10602,2
4509,1
4510,1
4511,1
4512,2
4513,1
4515,1
4516,1
4517,1
4518,1
4519,1
4520,1
4522,1
4523,1
4525,1
4526,1
4527,1
4529,2
4532,1
4533,1
4534,1
4535,1
4537,1
4539,1
4540,1
4542,1
4544,1
4545,1
4546,1
4547,1
4548,1
4549,1
4550,1
4552,1
4553,1
4554,1
4555,1
4556,1
4557,1
4560,1
4561,1
4562,1
4563,1
4564,1
4565,1
4566,1
4567,1
4570,1
4508,2
4536,2
4524,2
4551,4
4559,3
4568,2
4528,3
4531,4
4123,7
3961,16
4541,3
4538,3
4505,5
4569,2
4572,2
4530,3
4558,3
1731,36
8149,1
8150,1
8151,1
8152,1
8153,1
8154,1
8155,1
8156,1
8159,2
8160,1
8161,1
8162,1
8163,1
8164,1
8165,1
8167,1
8168,1
8169,1
8171,1
8172,1
8174,1
8175,1
8176,1
8178,1
8158,2
8177,2
7955,5
8080,8
8166,2
8129,19
8170,4
8157,2
3067,1
3068,1
3069,2
3070,1
3071,1
3074,1
3075,1
3076,1
3077,1
3079,1
3081,1
3082,1
3085,1
3080,3
3084,2
3072,2
3083,2
3078,4
6874,1
6875,1
6877,2
6878,1
6879,1
6881,1
6883,1
6884,1
6885,1
6887,1
6889,2
6890,1
6891,1
6892,1
6893,1
6894,1
6896,1
6898,1
6900,1
6901,1
6902,1
6903,2
6905,1
6906,1
6908,1
6909,1
6911,1
6912,1
6913,1
6914,1
6915,1
6916,1
6917,1
6918,1
6919,1
6921,1
6922,1
6924,1
6904,2
6923,3
6925,2
6880,4
6797,8
6847,6
6876,2
6886,2
6888,4
3400,139
6814,5
6907,4
6882,2
6895,2
6897,4
6725,12
6384,64
1500,1
1501,1
1502,1
1504,1
1505,1
1506,3
1507,1
1508,1
1509,1
1510,1
1511,1
1512,1
1514,1
1516,1
1518,1
1519,1
1520,1
1521,2
1522,1
1524,1
1525,1
1526,1
1528,1
1532,1
1533,1
1535,1
1536,1
1538,1
1539,1
1540,1
1541,1
1542,1
1543,1
1544,1
1545,1
1546,1
1547,1
1550,1
1551,1
1553,1
1555,1
1556,1
1558,1
1560,1
1562,1
1563,1
1565,1
1566,1
1569,1
1570,1
1571,1
1576,1
1577,1
1578,1
1579,1
1483,5
1486,5
1517,2
1530,2
1548,4
1564,2
1067,9
1089,21
1523,4
1573,2
1499,10
1529,9
1415,22
1531,2
1503,2
1527,3
1559,4
1567,2
1568,2
1534,2
1515,2
1192,6
1561,2
5539,1
5540,1
5541,1
5542,1
5543,1
5544,1
5546,1
5547,1
5537,5
5549,6
5551,2
5538,2
5181,6
9614,7
9865,1
9866,1
9867,1
9868,1
9869,2
9870,1
9871,1
9872,1
9873,6
9874,1
9875,1
9876,1
9878,1
9880,4
9881,1
9882,1
9883,1
9884,1
9885,1
9886,1
9887,1
9888,1
9889,1
9890,1
9891,1
9892,1
9894,1
9895,1
9897,1
9898,1
9899,1
9900,1
9901,1
9902,1
9903,1
9904,1
9905,1
9906,1
9907,1
9908,1
9909,1
9910,1
9911,1
9912,1
9913,1
9915,1
9917,2
9918,1
9919,1
9920,1
9921,1
9922,1
9923,1
9925,1
9926,1
9928,1
9929,1
9930,1
9931,1
9932,5
9933,1
9935,1
9936,2
9937,1
9938,1
9939,1
9940,1
9941,1
9942,1
9943,1
9944,1
9945,1
9946,1
9947,4
9948,1
9949,1
9950,1
9951,1
9952,3
9953,1
9954,1
9955,1
9956,1
9958,1
9959,1
9960,1
9961,1
9963,1
9964,1
9965,1
9966,1
9967,1
9968,1
9971,1
9972,1
9973,1
9974,1
9975,1
9672,5
9893,2
9896,2
9914,14
9916,3
9924,4
9927,12
9957,3
9544,18
9546,5
9858,6
9877,2
9879,2
9962,2
9969,2
9970,4
9976,3
4129,1
4131,1
4132,1
4133,1
4134,1
4135,1
4136,1
4137,2
4138,1
4140,2
4142,2
4144,1
4145,1
4146,1
4147,1
4148,1
4149,1
4150,1
4151,1
4152,1
4153,1
4154,1
4155,1
4157,1
4158,1
4159,1
4161,1
4162,1
4163,1
4164,1
4165,1
4167,1
4168,1
4169,1
4171,1
4172,1
4176,2
4177,1
4178,1
4179,1
4180,1
4181,1
4183,1
4184,1
4185,1
4186,1
4187,1
4188,1
4190,1
4191,1
4192,1
4193,1
4156,2
4170,2
3875,15
4143,4
4175,3
3885,17
4064,14
4166,2
4174,2
4139,2
4173,2
4047,20
4130,2
4189,2
1418,142
2356,99
8723,11
8802,1
8803,1
8804,1
8806,1
8807,3
8808,1
8809,1
8810,1
8811,2
8812,1
8813,1
8815,1
8816,1
8817,1
8818,1
8819,1
8820,1
8821,3
8822,1
8823,2
8824,1
8825,1
8826,1
8827,1
8828,1
8829,1
8831,1
8833,1
8834,1
8835,1
8836,1
8837,1
8838,1
8839,1
8840,1
8841,1
8842,1
8843,1
8844,1
8845,1
8846,1
8847,1
8848,1
8849,1
8850,1
8851,1
8852,1
8853,1
8854,1
8855,1
8856,1
8857,1
8858,1
8859,1
8860,1
8861,1
8862,1
8863,1
8718,6
8719,5
8805,3
8814,2
8830,2
8832,3
3549,2
3550,1
3551,1
3552,1
3554,1
3557,1
3558,1
3559,1
3560,1
3561,1
3562,1
3563,1
3564,1
3565,1
3566,1
3567,3
3570,1
3572,1
3574,1
3576,1
3577,1
3578,1
3580,1
3581,1
3582,1
3583,1
3584,1
3585,1
3586,1
3587,1
3588,1
3589,1
3591,1
3592,1
3593,1
3594,1
3595,1
3596,1
3598,1
3599,1
3603,1
3605,1
3606,1
3608,1
3609,1
3610,1
3601,2
3602,2
3600,2
3547,26
3548,5
3597,2
3575,2
3604,2
3553,2
3571,2
3607,3
3590,2
3555,2
2964,11
2229,25
3556,4
598,149
7293,1
7295,1
7296,1
7297,1
7302,1
7303,1
7304,1
7305,4
7306,1
7307,1
7308,1
7309,2
7310,1
7312,1
7313,1
7314,1
7315,1
7316,1
7317,1
7318,1
7319,1
7320,1
7321,1
7322,2
7323,1
7324,1
7325,1
7326,1
7327,1
7328,1
7329,1
7311,3
7255,7
7330,4
7298,2
6406,16
7300,3
7299,3
7182,6
2065,1
2066,1
2067,1
2068,1
2069,1
2070,1
2071,1
2072,1
2073,1
2075,1
2077,1
2078,1
2079,1
2080,1
2082,1
2074,2
2081,4
6033,2
6034,8
6035,1
6036,1
6037,1
6038,1
6041,1
6042,1
6043,1
6044,1
6045,1
6046,2
6047,1
6048,1
6049,1
6050,1
6051,2
6052,1
6053,2
6054,1
6055,1
6056,1
6057,1
6059,1
6060,1
6061,1
6062,1
6063,1
6064,1
6067,1
6068,1
6069,1
6070,1
6071,1
6073,1
6075,1
6076,1
6077,1
6078,1
6079,1
6080,1
6081,1
6083,1
6085,1
6086,1
6087,1
6089,1
6091,1
6093,1
6095,1
6096,1
6098,1
5931,10
6066,2
6097,4
6014,6
6072,2
6074,2
6094,2
6039,3
6065,4
6084,4
6082,2
5634,5
6040,3
4740,18
10679,1
10680,2
10681,1
10682,1
10690,1
10691,1
10693,1
10694,1
10695,1
10698,1
10699,2
10701,1
10703,2
10705,1
10709,1
10710,1
10711,1
10712,1
10714,1
10716,1
10720,1
10722,1
10726,1
10727,1
10728,1
10732,1
10733,1
10734,2
10738,1
10740,1
10741,1
10743,1
10744,1
10746,1
10747,1
10748,1
10749,1
10753,1
10756,1
10757,1
10759,1
10760,1
10761,1
10762,1
10763,1
10764,1
10767,1
10770,1
10774,1
10775,1
10778,2
10779,1
10780,1
10783,1
10785,1
10787,1
10790,1
10791,1
10795,1
10796,1
10797,1
10798,1
10800,1
10802,1
10805,1
10807,1
10808,1
10809,1
10813,1
10814,1
10815,1
10817,1
10818,1
10820,1
10822,1
10823,1
10824,1
10697,12
10702,3
10707,6
10721,2
10725,2
10750,3
10758,2
10765,2
10766,5
10771,2
10781,2
10784,2
10789,2
10803,2
10806,4
10821,3
10684,10
10685,51
10723,4
10729,2
10731,6
10736,12
10742,2
10751,4
10752,2
10755,8
10777,3
10782,4
10788,2
10792,4
10801,8
10811,7
10812,4
10819,2
10683,4
10688,21
10700,4
10706,12
10718,8
10719,2
10730,2
10769,2
10794,2
10799,3
10804,4
10810,3
10816,3
281,1
282,1
285,3
291,1
292,1
293,1
294,1
296,1
297,3
298,1
300,1
301,1
306,1
307,1
308,1
309,1
311,1
312,1
313,1
314,1
316,1
317,1
318,1
320,1
321,1
323,1
324,1
331,1
332,1
335,1
336,1
337,1
338,1
339,1
340,1
341,1
342,1
343,1
344,1
346,1
347,1
348,1
349,1
350,1
351,1
352,1
355,1
356,1
360,1
362,1
365,1
366,1
368,1
371,1
373,2
374,1
375,1
376,1
377,1
378,1
382,1
383,1
384,1
385,1
387,1
388,1
391,1
392,1
394,1
396,1
398,1
400,1
357,4
369,2
265,6
358,3
379,4
50,21
122,12
363,2
395,2
48,25
328,2
364,2
397,2
270,21
283,2
288,2
289,2
290,5
303,4
330,3
333,2
401,4
286,3
390,2
393,2
327,2
287,2
322,4
144,5
299,4
4649,1
4650,1
4651,1
4652,1
4653,1
4654,1
4655,1
4657,1
4659,1
4660,1
4661,1
4662,1
4663,1
4664,1
4666,1
4658,3
4656,3
4648,3
8265,1
8266,1
8267,1
8268,1
8269,1
8270,1
8271,1
8272,1
8273,1
8274,1
8275,1
8276,1
8277,1
8278,2
8279,1
8280,1
8281,1
8282,1
8283,1
8284,1
8285,1
8286,1
8287,1
8288,1
8289,1
8290,1
8291,1
8292,1
8294,2
8295,1
8296,1
8293,2
3160,1
3161,1
3162,1
3163,1
3164,1
3166,1
3168,1
3169,1
3170,1
3171,1
3172,1
3173,1
3174,1
3175,1
3176,1
3179,1
3180,1
3181,1
3182,1
3183,1
3184,1
3185,2
3186,1
3187,1
3188,1
3190,1
3191,1
3192,1
3193,1
3194,1
3196,1
3197,1
3198,1
3199,1
3200,1
3204,1
3205,1
3206,1
3207,1
3208,1
3209,1
3210,1
3212,1
3213,1
3214,1
3215,1
3216,1
3217,1
3218,1
3219,1
3222,1
3223,1
3224,1
3225,1
3226,1
3228,1
3229,1
3159,4
3195,2
3201,2
3211,2
3227,2
3221,4
3167,2
3165,2
3189,2
3178,3
3202,4
3220,3
3177,2
2458,36
49,102
115,221
6996,1
6997,1
6998,1
6999,1
7000,1
7001,1
7003,1
7006,1
7007,1
7008,1
7009,1
7002,4
7005,4
6994,2
1698,1
1701,1
1703,1
1705,1
1707,1
1709,1
1710,1
1712,1
1714,1
1715,1
1716,1
1717,1
1718,1
1720,1
1721,1
1725,1
1672,6
1552,47
1719,2
1713,2
1704,4
1724,4
1706,2
1722,4
1708,3
1711,2
1723,4
33,376
63,124
5642,1
5643,1
5644,1
5645,1
5646,1
5648,2
5649,1
5650,1
5651,1
5653,1
5654,1
5655,1
5658,1
5659,1
5660,2
5661,1
5662,1
5663,1
5664,1
5665,1
5667,1
5669,2
5670,1
5673,1
5674,2
5675,1
5678,1
5679,1
5680,1
5681,1
5682,1
5684,1
5685,1
5686,1
5687,1
5688,1
5689,1
5677,3
5683,2
5656,2
5657,2
4327,23
5672,2
5647,2
5666,3
5584,8
5676,4
5206,9
3956,63
5191,15
4667,77
4834,16
4454,14
10082,1
10083,1
10084,1
10085,1
10086,1
10087,1
10088,1
10089,1
10090,1
10091,1
10092,1
10093,1
10094,1
10095,1
10096,1
10097,1
10098,2
10099,1
10100,1
10101,1
10102,2
10103,1
10104,1
10105,1
10106,1
10107,1
4316,1
4317,1
4318,1
4319,1
4321,1
4322,1
4324,1
4328,1
4329,1
4330,1
4331,1
4332,1
4333,1
4315,5
4320,2
4323,7
4325,2
3494,23
3953,5
4326,3
4029,7
7969,1
7970,2
7971,1
7972,1
7973,1
7974,1
7976,1
7977,1
7978,1
7979,1
7980,1
7981,1
7982,1
7983,2
7985,2
7986,1
7987,1
7988,1
7989,1
7990,1
7991,1
7992,1
7993,1
7995,1
7996,1
7997,1
7998,1
7999,1
8000,1
8001,1
8002,1
8003,1
8004,1
8005,1
8007,1
8008,1
8009,1
8010,1
8011,1
8012,1
8013,1
8014,1
8015,1
8016,1
8017,1
8018,1
8019,2
8020,1
8021,1
8023,1
8024,1
8025,2
8027,1
8026,2
7994,2
7984,3
7930,5
7938,12
7975,4
8006,3
8022,2
2814,1
2816,1
2817,1
2818,2
2820,1
2821,1
2822,1
2823,1
2825,1
2826,1
2827,1
2828,1
2829,1
2830,1
2832,1
2833,1
2834,1
2835,1
2836,1
2837,1
2838,1
2839,1
2840,1
2841,1
2842,1
2843,1
2844,1
2845,1
2846,1
2847,1
2849,1
2850,1
2853,1
2854,1
2855,1
2856,1
2857,1
2858,1
2859,1
2862,1
2863,1
2864,1
2866,1
2867,1
2868,1
2869,1
2870,1
2824,2
2861,2
2772,71
2851,2
2482,15
2815,4
2819,3
2860,3
2708,23
2852,4
353,143
10,321
207,487
6700,1
6701,1
6702,1
6703,1
6704,1
6705,1
6706,1
6707,1
6708,1
6710,1
6713,1
6714,1
6715,1
6716,1
6718,1
6719,1
6717,2
6711,3
6698,3
6699,6
6712,2
6709,2
1300,1
1301,1
1302,1
1303,1
1304,1
1305,2
1306,1
1307,1
1308,1
1310,1
1311,1
1312,1
1313,1
1314,1
1315,2
1316,1
1317,1
1318,1
1320,1
1321,1
1322,1
1323,1
1324,1
1325,2
1326,1
1329,1
1330,1
1331,1
1332,1
1333,1
1334,1
1335,5
1336,1
1337,1
1338,1
1339,1
1341,1
1342,1
1343,1
1344,1
1345,1
1349,1
1350,1
1351,1
1352,1
1353,1
1354,1
1355,1
1226,5
1327,3
1340,4
1182,27
1319,2
1346,2
150,140
5294,1
5295,1
5296,1
5297,1
5298,1
5300,1
5301,1
5302,1
5303,1
5305,3
5306,1
5307,1
5308,1
5309,1
5310,1
5311,1
5312,1
5313,1
5314,1
5315,1
5316,1
5317,1
5318,1
5319,1
5320,1
5321,1
5322,1
5323,1
5324,1
5327,1
5329,1
5330,1
5331,1
5332,1
5333,1
5334,1
5336,1
5337,1
5339,1
5340,1
5342,1
5343,1
5344,1
5345,1
5346,1
5325,2
5094,22
5304,4
5249,18
5299,4
5202,15
5328,3
5257,10
4979,17
2470,45
3266,108
9465,1
9466,1
9467,1
9468,1
9469,1
9470,1
9471,1
9472,1
9474,1
9475,1
9476,1
9477,1
9478,1
9479,1
9480,1
9481,1
9482,1
9483,1
9484,1
9486,1
9487,1
9488,1
9489,1
9490,2
9491,1
9492,1
9493,1
9494,2
9495,1
9496,1
9497,1
9159,7
9485,2
9473,2
3943,1
3944,1
3945,1
3946,1
3947,1
3948,1
3949,1
3950,1
3951,1
3952,1
3954,1
3955,1
3957,1
3958,1
3959,1
3960,1
3963,1
3964,1
3965,1
3967,1
3968,1
3969,1
3970,1
3971,1
3972,1
3973,1
3974,1
3976,1
3978,1
3979,1
3980,1
3981,1
3982,1
3983,1
3984,1
3975,2
3129,15
3742,19
3977,3
3962,2
3985,2
1554,61
518,53
370,181
111,108
2697,58
7611,2
7612,1
7614,1
7615,1
7617,1
7618,1
7619,1
7620,1
7621,1
7622,1
7623,1
7625,1
7626,1
7627,1
7628,2
7629,1
7630,1
7632,1
7633,1
7634,2
7635,1
7636,1
7637,1
7638,1
7640,1
7641,1
7642,1
7643,1
7644,1
7645,1
7646,1
7647,1
7648,1
7649,1
7650,1
7651,1
7652,1
7653,1
7655,1
7657,1
7659,1
7660,1
7661,1
7662,1
7639,2
7654,4
7663,2
7664,2
7665,2
7610,7
7624,3
7656,2
7616,6
7613,2
7658,4
6345,24
7210,6
7449,10
7206,7
2415,1
2417,1
2418,1
2419,2
2423,1
2425,1
2426,2
2427,1
2428,4
2429,1
2430,1
2433,1
2434,1
2436,1
2440,1
2442,1
2443,1
2444,1
2445,1
2446,1
2448,1
2449,1
2451,1
2452,1
2453,1
2454,1
2456,1
2460,1
2431,4
2439,2
2424,2
2447,2
2416,6
2432,3
2441,2
2455,2
2459,2
1671,13
2409,19
2450,4
156,231
91,161
6392,3
6393,1
6394,1
6395,1
6396,1
6398,1
6399,1
6400,1
6401,1
6402,1
6404,1
6405,1
6407,1
6408,1
6409,2
6410,1
6411,1
6412,2
6414,1
6415,1
6417,1
6419,1
6420,1
6421,1
6422,1
6423,1
6424,1
6425,1
6426,1
6427,1
6428,1
6429,1
6430,1
6432,1
6416,2
6431,4
6403,2
6397,4
6413,3
892,1
895,1
897,1
898,1
899,1
900,1
901,1
902,1
903,1
904,1
905,1
906,1
907,4
908,1
909,1
910,1
911,1
912,1
913,1
914,1
915,1
916,1
918,1
919,1
920,1
921,1
922,1
923,1
924,1
925,1
926,1
927,1
928,1
929,1
930,1
933,1
935,1
936,1
939,1
940,1
610,5
888,3
941,2
917,2
932,2
177,17
931,3
889,4
476,10
699,70
891,2
934,2
876,51
612,6
896,2
890,4
4943,1
4944,1
4945,1
4947,1
4948,1
4949,1
4950,1
4951,1
4953,1
4954,2
4955,1
4957,1
4960,1
4961,1
4963,1
4964,1
4965,1
4967,1
4969,1
4971,1
4973,1
4974,1
4975,1
4978,1
4980,1
4981,1
4983,1
4984,1
4986,1
4987,1
4989,1
4992,1
4993,1
4952,3
4972,2
4994,2
4894,5
4970,3
4985,2
4988,3
4990,3
4991,3
4962,3
4977,2
4829,8
4946,2
4968,7
4976,4
4995,3
1913,82
10388,1
10389,1
10392,2
10393,1
10394,1
10395,1
10396,1
10397,1
10398,1
10399,1
10400,1
10401,1
10404,1
10405,1
10406,1
10407,1
10408,1
10409,2
10410,1
10411,1
10412,1
10413,1
10414,1
10415,1
10416,1
10417,1
10418,1
10419,1
10420,1
10421,1
10422,1
10423,1
10424,1
10425,1
10426,1
10427,1
10428,1
10430,1
10432,1
10433,1
10434,1
10435,1
10436,1
10437,1
10438,1
10439,1
10440,1
10441,1
10442,1
10443,1
10444,1
10447,1
10450,1
10451,1
10452,1
10453,1
10454,1
10455,1
10456,2
10457,1
10458,1
10459,2
10460,1
10461,1
10462,1
10463,1
10464,1
10465,1
10466,1
10467,1
10468,1
10470,1
10471,1
10472,1
10474,1
10475,1
10477,1
10478,1
10479,1
10481,1
10482,1
10483,1
10484,1
10486,1
10487,1
10488,1
10489,1
10490,1
10491,1
10493,1
10495,1
10496,1
10164,34
10222,6
10253,5
10265,5
10282,12
10305,5
10351,5
10390,2
10391,3
10429,4
10445,4
10446,4
10473,3
10480,2
10128,60
10147,9
10172,20
10229,6
10272,6
10431,2
10449,2
10494,3
10162,29
10171,7
10267,16
10380,9
10476,3
10485,2
10492,2
10233,6
10448,3
10469,3
10120,10
4403,1
4404,1
4405,1
4406,2
4407,1
4408,1
4409,1
4410,1
4411,1
4412,1
4413,1
4415,1
4416,1
4418,1
4419,1
4420,1
4421,1
4422,1
4423,1
4424,1
4425,1
4429,1
4430,1
4431,1
4432,1
4433,1
4435,1
4436,1
4437,1
4440,1
4441,1
4442,1
4443,1
4444,1
4445,1
4446,1
4417,2
4438,2
4439,2
4373,15
4284,5
4308,9
4428,2
4050,12
8124,1
8125,1
8126,1
8130,1
8131,1
8132,1
8133,2
8136,1
8137,1
8138,1
8139,1
8140,1
8141,1
8142,1
8134,3
8128,2
8127,3
8135,4
3010,1
3012,1
3013,1
3014,1
3015,1
3016,1
3017,1
3018,1
3019,1
3020,1
3021,1
3022,1
3024,1
3025,1
3026,1
3027,1
3028,1
3029,1
3030,1
3031,1
3032,1
3034,1
3035,1
3039,1
3040,1
3041,1
3038,2
2993,5
2865,7
3037,2
2927,10
3011,2
3036,4
3023,3
6776,1
6777,1
6778,1
6779,1
6780,1
6781,1
6782,1
6783,1
6784,1
6785,1
6786,1
6788,1
6790,1
6791,1
6792,1
6793,1
6794,1
6796,1
6798,1
6801,1
6802,1
6804,1
6805,1
6806,1
6807,1
6808,1
6809,1
6811,1
6812,1
6815,1
6816,1
6817,1
6819,1
6820,1
6822,1
6824,1
6789,4
6803,4
6795,2
6810,2
6818,2
6821,3
6800,2
6813,2
6787,2
6496,5
6533,8
1406,1
1407,1
1409,1
1410,1
1411,1
1412,1
1413,1
1416,1
1417,1
1419,1
1420,1
1424,1
1425,1
1426,1
1427,1
1423,2
1422,2
1408,2
1414,4
103,21
471,36
5476,1
5477,1
5478,1
5479,1
5480,1
5482,1
5483,1
5484,1
5485,1
5486,1
5487,1
5488,3
5489,1
5490,4
5491,1
5492,1
5493,1
5494,1
5496,1
5497,1
5498,1
5499,1
5500,1
5501,1
5502,1
5503,1
5504,1
5505,1
5507,1
5508,1
5509,1
5510,1
5512,1
5513,1
5514,1
5515,1
5481,4
5441,6
5506,2
5495,2
5231,5
5356,5
4751,17
4804,11
1906,223
3777,37
9658,1
9659,1
9660,1
9662,1
9663,1
9664,1
9665,1
9667,1
9669,1
9670,1
9671,1
9673,1
9674,1
9677,1
9678,1
9679,1
9680,1
9682,1
9683,1
9684,1
9685,1
9687,1
9690,1
9691,1
9692,1
9693,1
9694,1
9695,2
9697,1
9699,1
9700,1
9702,1
9704,1
9706,1
9709,1
9710,1
9712,1
9713,1
9714,1
9715,1
9716,1
9718,1
9721,3
9722,1
9723,1
9724,1
9725,1
9726,1
9727,1
9728,1
9729,1
9730,1
9731,1
9732,1
9734,1
9735,1
9736,1
9737,1
9739,1
9740,1
9741,1
9742,1
9743,1
9744,1
9745,1
9749,1
9750,1
9752,1
9753,1
9755,1
9756,1
9758,1
9759,1
9761,1
9579,10
9588,5
9635,5
9668,2
9686,2
9689,2
9696,2
9708,4
9711,2
9747,2
9520,89
9522,13
9532,81
9549,17
9552,61
9556,13
9565,34
9583,5
9701,4
9707,3
9719,2
9720,2
9754,2
9757,4
9521,17
9528,6
9530,6
9531,30
9543,35
9550,11
9561,35
9564,39
9661,9
9675,2
9676,2
9746,2
9541,38
9666,3
9703,2
9733,3
9760,6
4036,1
4037,1
4038,1
4039,2
4040,2
4041,1
4042,1
4043,1
4044,1
4046,1
4048,1
4049,1
4052,1
4053,1
4054,1
4055,1
4056,1
4057,1
4059,1
4062,1
4063,1
4065,1
4066,1
4068,1
4069,1
4071,1
4072,1
4073,1
4074,1
4076,1
4045,2
4051,2
4070,2
4075,3
4060,3
3935,8
198,71
7789,1
7790,1
7792,1
7793,1
7794,1
7795,1
7796,1
7798,1
7799,2
7800,1
7801,1
7802,1
7803,1
7804,1
7805,1
7806,1
7807,1
7808,1
7809,1
7811,1
7812,1
7813,1
7814,1
7816,1
7817,1
7818,1
7819,1
7820,1
7821,1
7822,1
7823,1
7797,2
7810,4
2595,2
2597,1
2598,1
2599,1
2600,1
2601,1
2602,1
2603,1
2604,1
2605,1
2606,1
2607,1
2608,1
2609,1
2610,1
2611,3
2612,1
2613,1
2614,1
2617,1
2618,1
2620,1
2621,1
2624,1
2625,1
2626,1
2627,1
2628,1
2629,1
2630,1
2631,1
2632,1
2633,1
2634,1
2635,1
2636,1
2637,1
2638,1
2639,1
2640,1
2641,1
2642,1
2644,1
2645,1
2646,1
2647,1
2648,1
2649,1
2650,1
2651,1
2616,2
2623,2
2391,6
2615,2
2013,6
2622,2
2619,4
1361,25
2302,18
1957,8
408,196
159,151
295,236
6473,1
6474,1
6475,2
6477,1
6480,1
6481,1
6482,1
6483,1
6485,1
6486,1
6487,1
6488,1
6489,1
6491,1
6492,1
6493,1
6494,1
6495,1
6497,1
6500,1
6501,1
6502,1
6503,1
6506,1
6507,1
6508,1
6510,1
6512,1
6513,1
6514,1
6515,1
6517,1
6518,1
6520,1
6484,4
6509,3
6504,3
6418,149
6478,5
6505,2
6516,3
6519,3
6090,26
1024,1
1025,2
1026,1
1027,1
1030,1
1031,1
1032,1
1036,1
1037,1
1038,1
1039,1
1040,1
1041,1
1028,4
1033,4
1018,17
1034,4
954,12
1035,4
77,18
193,37
494,7
5101,1
5102,1
5104,1
5105,1
5106,1
5107,1
5108,1
5109,1
5110,1
5112,1
5113,1
5115,1
5116,1
5117,1
5119,1
5120,1
5121,1
5122,1
5125,1
5126,1
5128,1
5129,1
5130,1
5131,1
5132,1
5133,1
5134,1
5135,1
5136,1
5137,1
5138,1
5140,1
5141,1
5142,1
5144,1
5145,1
5146,1
5147,1
5148,1
5149,1
5152,1
5143,2
4966,7
5124,4
5103,2
5151,2
5100,5
5111,2
5118,3
5114,2
5127,3
4414,46
8919,1
8927,1
8930,1
8931,1
8933,1
8936,1
8937,1
8939,1
8941,2
8943,1
8944,2
8945,1
8951,1
8952,1
8953,5
8955,2
8958,1
8960,1
8961,1
8962,1
8964,1
8967,1
8970,1
8971,1
8974,1
8975,1
8976,1
8978,1
8983,1
8985,1
8986,1
8988,1
8989,1
8990,1
8991,4
8997,1
9000,1
9001,1
9003,1
9005,1
9006,1
9008,1
9009,1
9010,1
9012,1
9013,1
9014,1
9015,1
9016,1
9018,1
9023,1
9024,1
9025,1
9026,1
9027,1
9028,1
9030,1
9032,1
9035,1
9042,1
9047,1
9048,1
9052,1
9055,1
9056,1
9057,1
9061,1
9062,1
9065,1
9066,1
9067,1
9068,1
9069,1
9073,1
9075,1
8925,2
8949,2
8948,4
9021,2
9031,4
9045,3
9050,13
9063,2
9070,2
8935,4
8946,4
8956,5
8972,2
8973,5
8979,2
8980,2
8987,4
8992,3
9011,2
9022,3
9034,2
9038,2
9040,4
9049,5
8932,2
8942,3
8950,2
8982,3
9002,8
9017,3
9020,8
9036,4
9041,2
9046,4
9051,12
9053,2
8940,4
8965,7
8996,2
9037,2
9039,3
9044,3
9064,2
9058,3
9076,2
3694,1
3698,1
3701,1
3702,1
3704,1
3655,5
3705,2
3700,3
3706,2
3696,8
3689,10
3695,2
3697,4
3699,4
503,133
1421,53
7470,1
7471,1
7472,1
7473,1
7474,1
7475,1
7476,1
7478,1
7481,1
7482,1
7483,1
7484,1
7487,1
7488,1
7490,1
7491,1
7494,1
7495,1
7496,1
7497,1
7500,1
7501,1
7502,1
7504,1
7505,1
7506,1
7507,1
7510,1
7511,1
7513,1
7514,1
7515,1
7516,1
7493,2
7499,3
7345,13
7477,2
7408,12
7480,4
7498,2
7486,2
7489,3
7512,2
7509,2
7286,13
7508,4
7485,2
7421,7
7479,4
5245,18
6964,19
7492,3
2158,1
2160,1
2161,1
2163,1
2164,1
2165,1
2168,1
2169,1
2170,1
2172,1
2174,1
2175,1
2176,1
2177,1
2179,1
2180,1
2181,1
2182,1
2183,1
2184,4
2186,1
2188,1
2189,1
2191,1
2192,1
2194,1
2195,1
2196,1
2198,1
2199,1
2200,1
2201,1
2203,1
2204,1
2205,1
2206,1
2207,1
2209,1
2210,1
2211,1
2212,1
2213,1
2214,1
2215,1
2216,1
2217,2
2218,1
2219,1
2220,1
2222,1
2223,1
2224,1
2225,1
2226,1
2227,1
2230,1
2233,1
2152,8
2162,2
2178,2
2228,2
2231,2
2166,3
2232,2
2202,3
2187,2
2197,2
1864,6
2167,5
2156,4
567,71
310,21
262,524
15,749
6165,1
6166,1
6167,1
6168,1
6169,1
6171,1
6172,1
6174,1
6175,1
6176,1
6177,1
6178,1
6179,1
6159,5
6173,9
5457,11
10745,7
11041,3
11042,1
11043,1
11044,1
11045,1
11046,1
11047,1
11048,1
11049,1
11050,1
11051,1
11052,1
11053,1
11054,1
11055,1
11056,1
11057,1
11058,1
11059,1
11060,1
11061,1
11062,1
11063,1
11064,1
11065,1
11066,1
11067,1
11068,1
11069,1
11070,1
11071,2
11072,1
11073,1
11074,1
11075,1
11076,1
11077,2
11078,1
11079,1
11080,1
11081,1
11082,1
11083,1
11084,1
11085,1
11086,1
11087,1
11088,1
11089,1
11090,2
11091,2
11092,1
11093,1
11094,2
11095,1
11096,1
11097,1
11098,1
11099,1
11100,2
11101,1
11102,1
11103,1
11104,1
11105,1
11106,1
11107,1
11108,1
11109,3
11110,1
11111,1
11112,1
11113,1
11114,1
11115,2
11116,1
11117,1
11118,1
11119,1
11120,1
11121,1
11122,1
11123,1
11124,1
11125,1
11126,1
11127,1
11128,1
577,1
578,1
579,1
581,1
582,1
583,1
584,1
585,1
587,1
588,1
589,1
590,1
591,1
592,1
595,1
596,1
599,1
600,1
601,1
603,1
606,1
609,1
586,2
605,2
26,6
607,2
51,26
498,6
580,3
604,2
602,3
597,2
594,4
4766,1
4767,1
4768,1
4770,1
4771,1
4773,1
4774,2
4776,1
4777,1
4778,1
4780,1
4781,1
4783,1
4786,1
4787,1
4788,1
4789,1
4790,1
4791,1
4792,1
4793,1
4794,1
4796,1
4797,1
4798,1
4799,1
4800,1
4803,1
4805,1
4806,1
4807,1
4808,1
4810,1
4812,1
4813,1
4814,1
4784,2
4785,3
4795,2
4802,4
4775,2
4779,3
4760,6
4772,3
4801,3
4689,6
4809,4
3743,63
8334,1
8335,1
8336,1
8337,1
8338,2
8339,1
8340,1
8341,1
8342,1
8343,1
8344,1
8345,1
3341,1
3343,1
3344,1
3345,1
3346,1
3348,1
3350,1
3351,1
3352,1
3354,1
3355,1
3356,1
3357,1
3358,1
3359,1
3360,1
3362,1
3363,1
3364,1
3365,1
3366,1
3367,1
3369,1
3370,1
3371,1
3372,1
3373,1
3368,2
3342,2
3347,3
3003,18
3361,2
2812,5
2938,37
3325,5
3353,4
3349,2
1575,26
6910,6
7096,1
7097,1
7099,1
7100,1
7101,1
7103,1
7104,1
7105,1
7107,1
7108,2
7109,1
7110,1
7111,1
7112,1
7113,1
7114,1
7115,1
7116,1
7119,1
7121,1
7122,2
7123,1
7124,1
7127,1
7131,1
7132,2
7133,1
7134,1
7135,1
7137,1
7138,1
7139,1
7140,1
7141,1
7142,1
7143,1
7144,1
7145,1
7147,1
7148,1
7149,1
7150,1
7151,1
7152,1
7153,1
7154,1
7155,1
7156,1
7157,1
7158,1
7159,1
7160,1
7161,1
7162,1
7163,1
7164,1
7004,5
7120,2
7146,3
7136,2
7118,2
7128,2
6591,6
6294,9
7094,5
7030,10
7098,2
7106,4
7014,22
7125,4
7126,3
7129,2
7102,3
7130,3
6593,7
6338,20
1795,1
1796,2
1797,2
1799,1
1800,1
1801,1
1802,1
1803,1
1804,1
1805,1
1806,1
1807,1
1808,1
1810,1
1812,1
1813,1
1814,1
1815,1
1817,1
1818,1
1820,1
1821,1
1822,1
1823,1
1825,1
1826,1
1828,1
1829,1
1830,1
1831,1
1835,1
1836,1
1837,1
1838,1
1840,1
1841,1
1842,1
1843,1
1844,1
1845,1
1846,1
1847,1
1848,1
1849,1
1850,1
1851,1
1852,1
1853,1
1854,1
1855,1
1856,1
1857,1
1858,1
1859,1
1860,1
1861,1
1862,1
1824,2
1839,2
1811,2
1816,3
1595,12
1809,2
1819,3
1832,7
1833,2
36,354
2,357
5835,1
5836,1
5837,1
5838,2
5839,1
5840,1
5841,1
5842,1
5843,1
5844,1
5845,1
5846,1
5847,1
5848,1
5849,1
5851,1
5853,1
5854,1
5829,5
5569,7
5852,3
5850,2
5222,2
5224,1
5225,1
5228,1
5230,1
5232,1
5233,1
5234,1
5235,1
5236,2
5237,1
5238,1
5239,1
5240,1
5241,1
5243,1
5244,1
5226,3
5223,17
5242,4
5227,3
5201,11
5139,11
3615,140
9289,1
9290,1
9291,11
9293,1
9295,1
9296,1
9297,1
9298,1
9299,1
9300,1
9301,1
9302,1
9303,1
9304,1
9305,1
9306,1
9307,1
9308,1
9310,1
9311,1
9312,1
9313,1
9314,1
9315,1
9316,1
9317,1
9318,1
9319,1
9320,1
9321,1
9323,1
9324,1
9325,1
9327,1
9328,1
9329,1
9331,1
9332,1
9333,1
9334,1
9335,1
9336,1
9337,1
9338,1
9339,1
9340,1
9342,1
9343,1
9344,1
9345,1
9346,1
9347,1
9348,1
9349,1
9350,1
9351,1
9353,1
9354,1
9355,1
9356,1
9357,1
9360,1
9361,1
9363,1
9364,1
9366,1
9367,1
9368,1
9369,1
9370,1
9371,1
9372,1
9373,1
9374,1
9375,1
9376,1
9377,1
9378,1
9379,1
9380,1
9382,1
9383,1
9384,1
9385,1
8993,29
9231,5
9245,7
9292,5
9322,4
9326,2
9330,2
9358,2
9359,2
9365,2
9145,9
9294,2
9309,2
9352,3
9362,3
9381,2
9241,10
3823,1
3824,1
3825,1
3826,1
3827,1
3828,1
3830,1
3831,1
3832,1
3833,1
3834,1
3837,1
3838,1
3839,1
3840,1
3841,1
3842,1
3843,1
3845,1
3846,1
3848,1
3849,1
3850,1
3851,1
3852,1
3857,1
3859,1
3860,1
3861,1
3862,1
3863,1
3864,3
3865,1
3866,1
3867,1
3870,1
3872,1
3873,1
3874,1
3876,1
3878,1
3879,1
3881,1
3882,1
3884,1
3886,1
3887,1
3888,1
3891,1
3892,1
3893,1
3894,1
3895,1
3896,1
3829,2
3844,2
3853,2
3868,2
3877,4
3889,3
3854,2
3883,2
3847,2
3835,2
3703,6
3836,3
3869,2
3858,2
3813,5
3856,2
3855,4
3452,14
2157,60
1873,37
1790,64
2159,57
7573,1
7574,1
7575,1
7576,1
7577,1
7578,1
7580,1
7581,1
7582,1
7583,1
7585,1
7586,1
7587,1
7588,1
7589,1
7590,1
7549,5
7387,6
7579,3
7584,2
2360,1
2362,1
2363,3
2364,1
2365,1
2366,1
2367,1
2368,1
2369,1
2370,1
2371,1
2372,1
2373,1
2375,1
2376,1
2377,1
2378,1
2379,1
2381,1
2382,1
2384,1
2385,1
2388,1
2389,2
2390,1
2380,2
2324,7
2347,5
2374,3
2383,2
2185,88
389,55
6279,1
6280,1
6281,1
6282,1
6283,1
6284,1
6286,1
6288,2
6290,1
6291,1
6292,2
6293,1
6295,1
6296,1
6297,1
6299,1
6300,2
6302,1
6303,1
6306,1
6307,1
6308,1
6309,4
6311,1
6312,1
6314,1
6315,1
6317,1
6318,1
6319,1
6321,1
6322,1
6324,1
6325,1
6326,1
6327,1
6328,1
6329,1
6330,1
6331,1
5983,12
6310,3
6304,2
6164,5
6320,4
6323,3
6287,2
6313,3
6316,2
6298,3
6301,3
6285,2
5098,20
6161,7
5668,5
5010,32
5594,55
717,1
718,1
719,1
720,1
721,1
723,1
724,1
725,1
731,1
732,5
734,1
735,1
736,1
737,1
738,1
739,1
740,1
742,1
743,1
744,1
745,1
747,1
748,1
749,1
751,1
754,1
755,1
757,1
758,1
759,1
760,1
761,1
763,1
764,1
766,1
767,1
768,1
770,1
771,1
772,1
776,1
777,1
778,1
779,1
780,1
782,1
783,1
784,2
785,1
786,1
788,1
790,1
792,1
793,1
794,1
795,1
548,5
729,2
746,4
775,6
197,5
728,2
781,2
750,3
741,3
472,7
773,2
153,49
711,6
726,3
752,2
791,2
381,21
753,3
733,7
4906,1
4907,1
4908,1
4909,1
4910,1
4911,1
4912,1
4913,1
4914,1
4916,1
4917,1
4918,1
4920,1
4915,2
3473,70
8384,5
8587,1
8588,1
8590,1
8591,1
8592,3
8594,3
8595,1
8596,1
8597,2
8598,1
8599,1
8600,1
8601,1
8602,1
8604,3
8605,1
8606,1
8607,1
8609,1
8610,1
8611,1
8612,1
8615,1
8616,1
8617,1
8619,1
8621,2
8622,1
8623,1
8624,1
8625,1
8626,1
8627,1
8628,1
8630,1
8631,1
8632,2
8633,2
8635,1
8636,1
8637,1
8639,1
8640,1
8642,1
8643,1
8644,1
8645,1
8646,1
8648,1
8649,1
8650,1
8651,1
8653,1
8654,1
8655,1
8658,1
8659,1
8662,1
8663,1
8664,1
8667,1
8669,1
8670,1
8671,1
8672,1
8673,1
8675,1
8676,1
8677,1
8678,1
8679,1
8680,1
8681,1
8682,1
8684,1
8685,1
8686,1
8687,1
8688,1
8689,1
8690,1
8692,1
8694,1
8696,1
8700,1
8703,1
8430,9
8440,6
8589,5
8608,3
8614,3
8618,2
8634,2
8647,2
8652,2
8657,2
8665,3
8666,2
8683,2
8691,3
8420,6
8494,18
8498,20
8531,8
8533,16
8564,6
8565,12
8567,8
8593,4
8641,3
8660,4
8661,4
8674,3
8693,2
8698,2
8452,5
8463,12
8530,11
8579,6
8603,2
8613,6
8620,2
8629,2
8656,2
8699,2
8701,3
8695,3
8702,4
3436,1
3437,1
3438,1
3439,1
3440,1
3441,1
3442,1
3443,1
3446,1
3447,1
3449,1
3450,2
3451,1
3453,1
3454,1
3455,1
3456,1
3457,1
3458,1
3459,1
3461,1
3462,1
3464,1
3465,1
3466,1
3467,1
3468,1
3469,1
3470,1
3471,1
3472,1
3474,1
3475,1
3476,1
3477,1
3478,1
3479,1
3480,1
3481,1
3482,1
3484,1
3485,1
3490,1
3491,1
3492,1
3493,1
3397,5
3427,6
3488,2
3383,6
3448,2
3486,4
3489,3
3483,2
3444,2
2913,11
3445,31
2928,7
1442,49
1936,19
7256,1
7257,1
7258,1
7259,1
7260,1
7261,1
7262,1
7264,1
7265,1
7267,1
7268,1
7269,1
7270,1
7271,1
7273,1
7274,1
7275,1
7266,4
7276,4
7245,39
7272,2
6766,5
7263,2
2014,1
2015,1
2016,1
2017,1
2018,1
2019,1
2020,1
2021,1
2022,1
2023,1
2024,1
2025,1
2027,1
2029,1
2030,1
2031,1
2032,1
2033,1
2034,1
2037,1
2039,1
2040,1
2036,5
2028,3
2006,8
2035,4
674,113
5925,1
5926,1
5927,1
5928,1
5929,1
5932,1
5934,1
5935,1
5937,1
5938,1
5939,1
5941,1
5942,1
5943,1
5944,1
5945,1
5947,1
5948,2
5949,2
5950,1
5951,1
5952,1
5953,1
5954,1
5955,1
5956,1
5957,1
5958,1
5959,1
5960,1
5961,1
5962,1
5963,1
5964,1
5965,1
5966,1
5967,1
5968,1
5969,1
5970,1
5971,1
5972,1
5930,2
5940,3
5946,2
5890,5
5652,30
5933,4
5338,14
5936,3
10622,1
10623,1
10624,1
10625,1
10626,1
10627,3
10628,1
10629,1
10630,1
10631,1
10632,1
10633,1
10634,1
10635,2
10636,1
10638,1
10640,1
10641,1
10642,1
10643,1
10644,1
10645,1
10646,1
10647,1
10648,3
10649,1
10650,1
10651,1
10652,1
10653,1
10655,1
10637,2
10639,2
10654,3
0,1
3,1
4,1
9,1
12,1
14,1
17,1
22,1
28,1
29,1
31,1
37,1
38,2
40,1
45,1
46,1
52,1
53,1
56,1
57,2
59,1
60,1
67,1
68,1
73,1
76,1
81,1
82,1
83,1
89,1
93,1
96,1
98,1
99,1
100,1
101,1
104,1
106,1
108,1
110,1
113,1
114,1
116,1
117,1
119,1
121,1
131,1
132,1
133,1
134,1
136,1
138,1
142,1
146,1
147,1
154,1
160,1
162,1
163,1
19,2
75,2
86,2
139,4
158,4
25,6
72,2
124,4
141,2
152,2
66,4
102,2
109,4
5,34
41,3
123,8
126,2
161,4
55,4
71,3
135,3
1,4
21,12
85,9
157,2
118,3
125,3
97,2
7,19
130,4
4573,1
4574,2
4575,1
4576,1
4577,1
4580,1
4581,1
4582,1
4583,1
4585,1
4586,1
4587,1
4588,2
4589,3
4590,1
4591,1
4592,1
4593,1
4594,1
4596,1
4597,1
4599,1
4600,1
4601,1
4602,1
4603,1
4606,1
4607,1
4608,1
4609,1
4610,2
4612,1
4613,1
4614,1
4615,1
4616,1
4617,1
4618,2
4619,1
4621,1
4622,1
4625,1
4626,1
4627,1
4604,2
4611,2
4579,4
4578,2
4620,4
4623,3
4624,3
4584,2
4571,6
4499,7
4598,3
963,73
1397,42
8179,1
8180,1
8181,1
8182,1
8183,1
8185,1
8187,1
8188,1
8189,1
8190,1
8191,1
8192,1
8193,1
8194,2
8195,1
8196,1
8198,1
8199,1
8200,1
8201,1
8202,1
8203,1
8204,1
8206,1
8207,1
8208,1
8210,1
8211,1
8212,1
8213,1
7815,5
8184,2
7824,7
8205,2
8197,3
3087,1
3088,1
3090,1
3091,1
3093,1
3094,1
3096,1
3097,1
3099,1
3101,1
3102,1
3104,1
3105,1
3107,1
3110,1
3111,1
3112,1
3114,1
3115,2
3116,1
3117,1
3118,1
3119,1
3120,1
3121,1
3122,1
3124,1
3127,1
3106,2
3092,2
3103,10
3126,3
3005,5
3042,13
3033,5
3089,2
3095,4
3109,2
3108,2
3128,2
3125,4
212,91
663,104
166,149
78,350
6929,1
6930,2
6931,1
6932,1
6933,1
6934,1
6935,1
6936,1
6937,1
6938,1
6939,1
6941,1
6942,1
6943,1
6944,1
6945,1
6946,1
6947,1
6948,1
6951,1
6952,1
6953,1
6954,1
6956,1
6957,1
6958,1
6959,1
6961,1
6962,1
6963,1
6965,1
6966,1
6967,1
6969,1
6970,1
6972,1
6974,1
6960,3
6950,2
6928,3
6949,2
6973,2
6971,3
6940,2
6968,2
1580,1
1582,1
1583,1
1584,1
1585,1
1586,1
1587,1
1588,1
1590,1
1591,1
1592,1
1593,1
1594,1
1596,1
1597,1
1598,1
1599,1
1600,1
1602,1
1603,1
1605,1
1606,1
1607,1
1610,1
1612,1
1613,1
1614,1
1615,1
1617,1
1618,2
1621,1
1622,1
1623,1
1624,1
1625,1
1626,1
1627,1
1628,1
1629,1
1630,1
1631,1
1632,2
1633,1
1635,1
1636,1
1637,1
1638,1
1639,1
1609,3
1611,2
1581,2
1589,3
1620,4
1608,3
1619,7
984,5
1466,9
1616,2
1572,7
1601,3
1604,5
1634,2
1360,11
1048,8
304,73
90,179
170,318
5552,2
5553,1
5555,1
5556,1
5557,1
5558,1
5559,1
5560,2
5561,1
5562,1
5564,1
5565,1
5566,1
5567,1
5568,1
5570,1
5571,1
5572,1
5574,1
5575,1
5576,1
5579,1
5580,1
5583,1
5585,1
5586,1
5587,1
5588,1
5577,3
5578,2
5581,4
5582,6
5405,10
5380,5
5523,5
5164,6
5563,2
4197,34
9518,15
9557,5
9977,1
9979,1
9980,1
9981,1
9982,1
9983,1
9984,1
9985,1
9986,1
9987,1
9988,1
9989,1
9990,1
9991,1
9992,1
9993,1
9994,1
9995,1
9996,1
9997,1
9998,1
9999,1
10000,1
10001,1
10003,1
10004,1
10005,2
10006,1
10007,1
10008,1
10009,3
10010,1
10011,1
10012,1
10013,1
10014,1
10015,1
10016,2
10017,1
10018,1
10019,1
10020,1
10021,1
10022,1
10023,1
10024,1
10025,8
10026,1
10027,2
10028,1
10029,1
10030,1
10031,1
10032,1
10033,1
10034,1
10035,1
9639,11
9978,2
10002,8
9934,5
9751,6
4194,2
4195,1
4196,1
4198,1
4200,1
4201,1
4202,1
4203,1
4205,1
4206,1
4207,1
4208,1
4209,1
4210,1
4212,1
4213,1
4215,1
4216,1
4217,2
4218,1
4219,1
4220,1
4221,1
4223,1
4224,1
4225,1
4226,1
4227,1
4228,1
4229,1
4230,1
4231,1
4233,1
4234,1
4235,1
4238,1
4239,1
4240,1
4242,1
4244,1
4246,1
4247,2
4249,1
4250,1
4251,1
4252,1
4254,1
4255,1
4256,1
4257,1
4258,1
4259,1
4260,1
4263,1
4264,1
4265,1
4266,1
4243,2
4253,3
4261,3
4262,2
4214,3
4160,13
3990,7
4211,4
4241,4
4248,2
4222,3
4182,8
4199,4
4237,2
4245,2
4204,4
2596,35
2729,151
196,234
7874,1
7875,1
7878,1
7879,1
7881,1
7882,1
7883,1
7884,1
7886,1
7889,1
7890,1
7892,1
7893,1
7894,1
7895,1
7896,1
7897,1
7899,1
7900,1
7901,1
7902,1
7903,2
7904,1
7907,1
7908,1
7909,1
7911,1
7915,1
7916,1
7919,1
7877,2
7898,4
7775,5
7891,2
7906,2
7910,2
7917,2
7905,6
7912,3
7913,3
5601,183
7448,9
7914,4
7920,4
7887,2
7353,6
7880,2
7876,7
7885,3
2741,1
2742,1
2743,1
2744,1
2745,1
2746,1
2747,1
2748,1
2749,1
2750,1
2751,1
2752,1
2753,1
2755,1
2756,1
2757,1
2759,1
2760,1
2762,1
2761,3
2758,3
2754,2
2091,5
35,151
6616,1
6617,1
6618,1
6619,1
6620,1
6621,1
6622,1
6623,1
6624,1
6625,1
6626,1
6627,1
6628,1
6629,1
6630,1
6631,1
6632,1
6633,1
6634,1
6635,1
6636,1
6637,1
6638,2
6639,1
6641,1
6644,1
6646,1
6648,1
6650,1
6651,1
6652,1
6653,1
6654,1
6655,1
6575,17
6647,4
6498,116
6640,5
6643,2
1156,1
1157,1
1160,1
1161,1
1162,1
1163,1
1164,1
1167,1
1168,1
1169,1
1170,1
1171,1
1172,1
1173,1
1175,1
1176,1
1177,1
1178,1
1180,1
1181,1
1183,1
1187,1
1188,1
1189,1
1190,1
1191,1
1193,1
1194,1
1196,1
1199,1
1200,1
1201,1
1202,1
1205,1
1206,1
1207,1
1208,1
1209,1
1211,1
1212,1
1213,1
1214,1
1215,1
1216,1
1217,1
1218,1
1219,1
1220,1
1221,1
1223,1
1224,1
1225,1
1227,1
1228,1
1229,1
1230,1
1232,1
1174,2
1185,2
1197,8
1222,2
894,19
1204,2
887,13
1158,2
1165,6
1195,2
524,16
765,13
1198,2
1203,3
1210,3
1148,7
593,24
756,6
1159,2
497,9
1166,3
623,5
191,83
315,8
319,7
107,100
6099,1
6100,1
6101,1
6102,1
6103,1
6105,1
6106,1
6107,1
6108,3
6109,1
6110,1
6111,2
6112,2
6113,1
6114,1
6116,1
6117,1
6118,1
6120,1
6121,1
6122,1
6124,1
6125,1
6126,2
6127,1
6128,1
6129,1
6130,1
6131,1
6133,1
6134,1
6135,1
6115,2
6119,5
5973,7
5463,9
5919,5
6132,2
6123,2
5545,45
5792,11
6088,6
5671,31
10828,1
10829,1
10830,1
10831,1
10832,1
10833,1
10835,1
10836,1
10837,1
10838,1
10839,1
10840,1
10841,1
10842,1
10843,1
10844,1
10845,2
10846,1
10847,1
10848,1
10849,1
10851,1
10852,1
10854,3
10855,1
10857,1
10858,1
10859,1
10860,1
10861,1
10862,1
10863,1
10864,1
10866,1
10867,1
10869,1
10870,1
10871,1
10872,1
10873,2
10874,1
10875,1
10876,1
10878,1
10879,1
10880,1
10881,1
10882,1
10883,1
10884,2
10885,1
10886,1
10887,1
10888,1
10890,1
10891,1
10892,1
10893,1
10894,1
10897,1
10900,1
10901,1
10902,1
10903,2
10904,1
10905,1
10906,1
10907,1
10908,1
10910,1
10911,1
10913,1
10914,1
10915,1
10916,1
10917,2
10919,1
10920,1
10921,1
10922,1
10923,1
10924,1
10926,1
10927,1
10930,1
10931,1
10932,1
10933,1
10934,1
10935,1
10937,1
10938,1
10940,2
10942,1
10943,1
10944,1
10686,37
10713,23
10715,32
10739,5
10793,10
10853,7
10889,4
10895,2
10898,3
10899,4
10909,7
10912,2
10918,2
10925,2
10928,2
10936,5
10939,3
10941,2
10678,12
10687,6
10689,6
10692,58
10696,9
10704,48
10708,28
10717,7
10737,15
10754,30
10768,5
10772,29
10773,10
10776,8
10825,2
10826,7
10850,3
10865,2
10877,3
10896,3
10929,3
334,5
402,1
403,1
405,1
406,1
407,1
409,2
412,1
413,1
415,1
416,1
417,1
418,1
419,1
421,1
422,1
423,1
426,1
428,1
430,1
431,1
432,1
436,1
437,1
438,1
439,3
440,6
441,1
443,1
444,1
445,2
446,1
447,1
448,1
449,1
450,1
451,1
452,1
455,1
457,1
458,1
459,1
461,1
462,1
464,1
465,1
467,1
468,1
470,1
473,1
474,1
477,1
479,1
483,1
484,1
486,1
487,1
488,1
453,10
456,2
466,3
454,2
88,7
425,7
433,2
404,4
380,11
411,3
463,2
493,4
435,4
429,8
424,2
434,2
475,4
442,4
492,2
20,116
490,3
4670,1
4671,1
4673,1
4674,1
4675,1
4677,1
4678,1
4680,1
4681,1
4682,1
4684,1
4686,1
4690,1
4691,1
4692,1
4694,1
4695,1
4696,2
4698,1
4699,1
4700,1
4701,1
4702,1
4704,2
4705,1
4706,1
4713,1
4679,2
4712,2
4668,3
4521,24
4697,7
4711,2
4672,4
4707,3
4687,2
4703,2
4389,66
4426,17
4688,2
4693,2
4100,35
4708,2
4685,8
534,251
2813,203
2135,108
8297,1
8298,2
8299,1
8300,1
8301,1
8302,1
8303,1
8304,1
8305,1
8306,1
8307,1
8308,1
8309,1
8310,1
8312,1
8313,1
8314,1
8315,1
8316,1
8317,1
8311,2
3230,1
3231,1
3232,1
3233,1
3234,1
3235,1
3236,1
3238,1
3239,2
3240,1
3241,1
3242,1
3243,1
3244,1
3246,1
3248,1
3249,1
3250,1
3251,1
3252,1
3253,1
3258,1
3259,1
3260,1
3261,1
3262,1
3263,1
3264,1
3265,1
3269,1
3270,1
3271,1
3272,1
3273,1
3275,1
3276,1
3278,1
3279,1
3280,1
3281,1
3284,1
3285,1
3286,1
3287,1
3247,4
3254,9
3282,2
3245,4
3255,2
3237,2
2342,15
3256,2
3283,2
3257,2
3073,5
3267,2
2477,10
2667,14
2714,9
2437,11
2522,18
326,374
94,605
893,17
64,304
7011,1
7012,1
7016,1
7017,2
7018,1
7019,1
7020,1
7022,1
7023,1
7024,1
7026,1
7027,1
7028,1
7029,1
7031,1
7032,1
7033,1
7034,1
7036,1
7037,1
7038,1
7039,1
7040,1
7042,1
7043,1
7044,1
7047,1
7048,1
7049,1
7051,1
7052,1
7053,1
7054,1
7055,1
7056,1
7059,1
7060,1
7061,1
7062,1
7064,1
7010,2
7021,7
7035,2
7041,3
7045,2
7057,2
6995,5
7015,4
7050,3
6823,12
7046,3
7013,4
7025,3
7058,3
6479,12
6764,41
5440,38
1726,1
1727,1
1729,1
1730,1
1732,1
1733,1
1734,1
1735,1
1736,1
1737,1
1740,1
1741,1
1742,1
1728,2
1738,2
1739,2
222,85
1401,9
1557,7
1184,9
1117,5
762,13
5690,1
5691,1
5692,2
5693,1
5694,1
5695,1
5696,1
5698,2
5699,1
5701,1
5702,1
5703,1
5705,1
5706,2
5707,1
5708,1
5709,1
5710,1
5711,1
5712,2
5713,1
5715,1
5716,1
5717,1
5718,1
5719,1
5720,1
5722,5
5723,1
5725,1
5726,5
5727,1
5728,1
5729,1
5730,1
5731,2
5732,1
5733,1
5734,1
5735,1
5736,1
5737,1
5738,1
5739,1
5740,1
5741,2
5742,1
5743,1
5745,1
5747,1
5748,1
5749,1
5750,1
5752,1
5753,1
5754,1
5755,3
5756,7
5757,8
5758,1
5759,1
5760,1
5761,1
5762,1
5763,1
5764,1
5765,1
5766,1
5767,1
5768,1
5769,2
5770,1
5771,1
5772,1
5773,1
5774,1
5777,1
5778,1
5779,1
5780,1
5781,1
5782,1
5784,1
5785,1
5786,1
5787,1
5788,1
5789,1
5724,18
5775,3
5746,2
5704,2
5744,2
5776,3
5589,8
5697,7
5714,2
5721,4
5751,8
5783,6
5548,5
5554,17
4919,39
4514,43
10111,1
10114,1
10115,1
10118,1
10119,4
10126,1
10129,1
10131,1
10132,1
10135,4
10136,1
10137,1
10138,1
10139,1
10145,1
10149,1
10151,1
10154,1
10155,1
10156,1
10157,1
10158,1
10159,1
10160,1
10161,1
10165,1
10166,2
10168,1
10170,2
10175,1
10176,1
10177,1
10179,3
10182,1
10183,1
10184,1
10185,1
10187,1
10191,1
10193,1
10194,4
10195,1
10202,1
10203,1
10204,1
10205,1
10206,1
10209,1
10210,1
10211,1
10218,1
10219,1
10220,1
10221,1
10223,1
10225,1
10226,1
10227,1
10228,1
10230,1
10231,1
10232,1
10234,1
10235,1
10237,1
10239,1
10240,1
10241,1
10242,1
10245,1
10246,1
10250,2
10251,1
10255,1
10256,1
10257,1
10258,1
10259,1
10260,1
10264,1
10109,4
10113,7
10142,2
10153,2
10174,2
10188,5
10198,2
10213,4
10214,2
10216,2
10261,2
10262,2
10125,3
10180,2
10181,4
10215,2
10244,3
10247,2
10263,3
10140,13
10144,2
10146,9
10150,3
10167,3
10173,2
10189,6
10190,2
10196,2
10207,2
10212,5
10224,4
10254,4
10117,15
10148,9
10199,3
10208,3
10152,5
10163,4
10248,2
10130,2
10169,4
10178,3
10217,6
10201,3
4334,1
4340,1
4341,1
4342,1
4344,1
4345,1
4346,1
4348,2
4350,1
4352,1
4353,1
4354,1
4358,1
4338,2
4343,2
4339,3
4351,2
4356,2
3871,6
4335,2
4336,2
4355,3
3294,33
563,316
8028,1
8029,1
8030,1
8031,1
8032,1
8033,1
8035,1
8036,1
8037,1
8038,1
8039,1
8040,1
8041,1
8043,1
8044,1
8045,1
8046,1
8047,1
8048,1
8049,1
8051,1
8052,1
8053,1
8054,1
8055,1
8056,1
8057,1
8058,1
8060,1
8061,1
8062,1
8063,1
8064,1
8065,2
8066,2
8067,1
8068,1
8070,1
8071,1
8072,1
8073,1
8075,1
8076,1
8077,1
8078,1
8081,1
8083,1
8069,2
8074,3
8042,2
8082,2
7734,8
8079,2
8050,2
7195,12
8034,2
8059,2
2871,1
2873,1
2874,1
2875,1
2876,1
2878,1
2879,1
2880,1
2881,1
2882,1
2884,1
2885,1
2886,1
2887,1
2888,1
2889,1
2890,1
2891,1
2892,1
2893,1
2894,1
2895,1
2896,1
2897,1
2898,1
2899,1
2900,1
2903,1
2904,1
2905,1
2906,1
2907,1
2908,1
2909,1
2910,1
2911,1
2912,1
2915,1
2916,1
2917,1
2918,1
2921,1
2922,1
2923,1
2924,1
2925,1
2929,1
2930,1
2931,1
2932,1
2933,1
2934,1
2935,1
2936,1
2937,1
2939,1
2940,1
2941,1
2942,1
2883,2
2926,3
2799,12
2872,4
2809,17
2877,4
2914,2
2208,10
2527,16
2902,2
2540,7
2672,16
284,30
2000,16
769,147
87,345
74,225
6720,1
6721,1
6722,1
6723,1
6724,1
6727,1
6728,1
6729,1
6730,1
6732,1
6733,1
6735,1
6736,1
6737,1
6738,1
6739,1
6726,7
6642,24
6731,2
6734,2
6274,30
1356,1
1357,1
1359,1
1362,1
1363,1
1365,1
1368,1
1369,1
1371,1
1372,1
1373,1
1374,1
1375,1
1376,1
1377,1
1379,1
1380,1
1382,1
1383,1
1384,1
1385,1
1386,1
1387,1
1378,2
1367,2
937,15
1366,2
1370,3
1364,3
30,611
5347,2
5348,1
5349,1
5350,1
5351,1
5352,1
5353,1
5355,1
5357,1
5358,1
5359,1
5361,1
5362,1
5363,1
5364,1
5365,1
5367,1
5368,1
5369,1
5370,1
5371,1
5372,1
5373,1
5374,1
5375,1
5376,1
5377,1
5382,1
5383,1
5385,1
5386,1
5387,1
5388,1
5391,1
5392,1
5393,1
5394,1
5395,1
5390,4
4982,22
5381,2
5123,7
5326,5
5366,2
5354,2
5384,2
5379,8
4709,28
5378,2
5360,3
4866,7
3274,118
4141,18
4872,24
9498,1
9499,1
9500,1
9501,1
9502,1
9503,1
9504,1
9505,1
9506,1
9507,1
9508,1
9509,1
9510,1
9511,1
9512,1
9513,1
9514,1
9515,1
9516,1
9517,2
3986,1
3988,1
3989,1
3991,1
3992,1
3993,1
3994,1
3995,1
3996,1
3997,1
3998,1
3999,1
4000,1
4001,1
4004,1
4006,1
4002,2
3987,2
4003,2
4005,2
1700,21
2173,105
7666,1
7667,1
7668,1
7669,1
7670,1
7671,1
7672,1
7673,1
7674,1
7676,1
7677,1
7679,1
7680,1
7681,1
7682,1
7683,2
7684,1
7685,1
7686,1
7687,1
7688,2
7689,1
7690,1
7691,1
7692,1
7693,1
7694,1
7695,1
7696,1
7697,1
7698,1
7699,1
7700,1
7701,1
7702,1
7703,1
7704,1
7705,1
7707,1
7709,1
7710,1
7711,1
7712,1
7713,1
7714,1
7715,1
7716,1
7717,1
7718,1
7678,5
7706,2
7708,2
7631,7
7675,3
7719,2
6799,18
6839,26
2462,1
2463,1
2465,1
2466,1
2468,1
2469,1
2471,1
2472,1
2473,1
2474,1
2475,1
2476,1
2478,1
2480,1
2481,1
2483,1
2484,1
2486,1
2488,1
2490,1
2491,1
2492,1
2493,1
2495,2
2497,1
2498,2
2499,1
2500,1
2501,1
2502,1
2503,1
2504,1
2506,1
2507,1
2508,1
2510,1
2511,1
2513,1
2514,1
2485,4
2487,2
2505,4
2509,2
2420,5
1930,56
2496,2
1133,30
2361,5
2464,4
2489,2
2467,4
39,151
938,45
6433,1
6434,1
6435,1
6437,1
6438,1
6439,1
6440,2
6441,1
6443,1
6444,1
6445,1
6446,1
6447,1
6448,1
6449,1
5861,6
6436,2
942,1
943,1
945,1
946,1
947,1
948,1
951,1
952,1
953,1
956,1
958,1
960,1
961,1
962,1
964,1
965,1
966,1
967,1
968,1
969,2
970,1
971,1
972,1
973,1
975,2
976,1
977,1
978,1
980,1
981,1
982,1
983,2
985,1
986,1
990,1
991,1
992,1
993,1
994,1
996,1
998,1
1001,1
999,2
944,4
949,2
988,2
1000,3
974,2
835,12
979,4
997,2
512,23
957,2
959,2
987,4
62,26
506,17
4683,5
4996,1
4997,1
4998,1
4999,1
5001,1
5002,1
5003,1
5004,1
5006,1
5007,1
5008,1
5009,1
5011,1
5012,1
5014,1
5015,2
5017,1
5018,1
5019,1
5020,1
5022,1
5023,1
5024,1
5025,1
5026,1
5027,1
5028,1
5029,2
5030,1
5031,1
5032,1
5034,1
5035,1
5036,1
5037,1
5039,1
5040,1
5000,5
5038,2
5005,2
5021,3
4958,26
5033,3
4956,5
5013,2
5016,3
4959,5
4811,19
995,357
8864,1
8865,1
8866,7
8867,1
8868,1
8869,1
8870,1
8871,1
8872,1
8873,1
8874,1
8875,1
8876,1
8877,1
8878,1
8879,1
8880,1
8881,1
8882,1
8883,1
8884,1
8885,1
8886,1
8888,2
8889,1
8890,1
8891,1
8892,1
8893,1
8894,1
8895,1
8896,1
8887,2
3612,1
3613,1
3614,1
3616,1
3617,1
3618,1
3621,1
3622,1
3623,1
3624,1
3625,1
3626,1
3628,1
3629,1
3631,1
3632,1
3634,1
3635,1
3636,1
3637,1
3640,2
3641,1
3643,1
3646,1
3647,1
3648,1
3649,1
3650,1
3652,1
3653,1
3654,1
3656,1
3657,1
3658,1
3660,1
3661,1
3662,1
3663,1
3664,1
3665,1
3666,1
3667,1
3573,5
3143,12
3611,2
3644,4
3639,3
3668,2
3633,3
3645,2
3620,3
3630,4
3638,4
787,424
619,134
950,102
79,383
7331,1
7332,1
7333,1
7334,2
7337,1
7340,1
7341,1
7342,1
7343,1
7344,2
7348,1
7349,1
7350,1
7351,1
7352,1
7356,1
7357,1
7358,1
7359,1
7360,1
7361,1
7362,1
7363,1
7364,1
7365,1
7370,1
7371,2
7372,1
7373,1
7376,1
7377,1
7379,1
7381,1
7382,1
7383,1
7384,1
7385,1
7388,1
7389,1
7336,3
7355,4
7368,2
7339,2
7380,2
7335,2
7366,2
7354,2
7378,3
7367,2
7374,3
7346,6
7375,2
6855,45
7386,3
6840,6
2083,1
2084,1
2085,1
2086,1
2087,1
2090,1
2092,1
2093,1
2094,1
2095,1
2096,1
2097,1
2098,1
2099,1
2076,6
2088,5
1428,1
1430,1
1431,3
1432,2
1434,1
1435,1
1436,1
1438,1
1439,1
1440,1
1441,1
1443,1
1444,1
1445,1
1446,1
1447,2
1448,1
1449,1
1450,1
1451,1
1452,1
1453,1
1454,1
1456,1
1457,1
1458,1
1459,1
1460,1
1461,1
1462,1
1464,1
1465,1
1467,2
1469,1
1470,1
1471,1
1472,1
1473,1
1476,1
1478,1
1479,1
1480,1
1481,1
1482,2
1485,1
1487,1
1488,1
1489,1
1490,1
1492,1
1493,1
1495,1
1496,1
1498,1
1290,5
1358,7
1433,3
1455,2
1494,3
1463,3
1477,2
1468,4
1475,2
1437,7
1491,2
1497,3
1429,3
137,148
5516,1
5517,1
5518,1
5519,1
5521,1
5524,1
5525,1
5526,1
5527,1
5528,1
5529,1
5530,1
5531,1
5532,1
5533,1
5534,1
5535,1
5522,2
5511,6
5536,2
5520,2
4782,111
9523,5
9763,1
9764,1
9765,1
9766,1
9767,1
9768,1
9769,1
9770,1
9771,1
9772,1
9773,1
9775,2
9776,1
9777,1
9778,1
9779,1
9780,2
9781,1
9782,1
9783,1
9784,1
9785,1
9786,1
9787,1
9788,1
9789,1
9790,1
9791,1
9792,1
9794,1
9795,1
9796,1
9797,1
9798,1
9799,1
9800,1
9801,1
9802,1
9803,1
9805,1
9806,1
9807,1
9808,1
9809,1
9810,1
9811,1
9812,1
9814,1
9815,2
9817,1
9818,1
9819,1
9820,1
9822,1
9824,1
9825,1
9827,1
9829,1
9831,1
9832,1
9834,1
9835,1
9836,1
9839,2
9840,1
9841,1
9843,1
9844,1
9845,1
9847,1
9848,1
9849,1
9850,1
9851,1
9852,1
9855,1
9859,1
9860,1
9861,1
9862,1
9863,1
9864,1
9535,33
9574,14
9705,8
9738,8
9762,5
9774,6
9813,2
9816,2
9846,2
9854,2
9856,2
9580,14
9598,17
9613,13
9634,20
9643,7
9681,10
9688,5
9698,9
9717,13
9748,5
9793,2
9804,5
9823,2
9826,2
9828,7
9830,2
9857,4
9534,68
9603,17
9605,5
9616,15
9821,3
9833,6
9838,4
9837,2
9842,4
9853,3
9190,15
3774,5
4077,1
4078,1
4079,1
4080,1
4081,1
4082,1
4084,1
4086,2
4087,1
4088,2
4089,1
4090,1
4091,1
4092,1
4093,1
4096,1
4097,1
4098,1
4099,1
4101,1
4102,1
4103,2
4104,2
4106,1
4107,1
4108,1
4109,1
4111,1
4112,1
4113,1
4116,2
4117,1
4119,1
4120,1
4121,1
4122,1
4124,1
4125,1
4126,1
4127,1
4128,1
4118,2
4095,3
4085,2
4061,13
4067,10
4094,2
3966,13
4083,3
4114,2
4105,2
4110,2
4058,8
1834,89
7825,1
7826,1
7827,1
7828,1
7830,1
7831,1
7833,1
7834,1
7835,1
7837,1
7838,1
7840,1
7841,1
7842,1
7843,1
7845,1
7846,1
7847,1
7848,1
7849,1
7850,1
7851,1
7829,2
7732,5
7832,2
7836,3
7791,26
7844,2
2653,1
2654,2
2655,1
2656,1
2660,2
2661,1
2663,1
2664,1
2666,1
2668,1
2670,1
2671,1
2673,1
2674,1
2675,1
2676,1
2677,1
2678,1
2679,1
2680,1
2681,1
2682,1
2683,1
2684,1
2685,1
2686,1
2688,1
2689,1
2690,1
2691,1
2692,1
2693,1
2695,1
2696,1
2698,1
2699,1
2700,1
2701,1
2702,1
2703,1
2704,1
2705,1
2706,1
2707,1
2709,1
2710,1
2712,1
2713,1
2659,2
2711,2
2190,6
2658,6
2687,2
2694,2
2662,4
2669,2
2563,24
2438,17
84,223
145,167
70,307
1007,110
6521,1
6522,1
6523,1
6524,1
6525,2
6526,1
6527,1
6528,1
6529,1
6530,1
6531,2
6532,1
6534,1
6535,1
6536,1
6537,1
6538,1
6540,1
6541,1
6542,1
6543,1
6544,1
6546,1
6547,1
6548,1
6549,1
6552,1
6554,1
6545,2
6550,2
6476,10
6553,3
6539,2
1042,1
1044,1
1045,1
1046,1
1047,1
1049,1
1050,1
1052,1
1053,1
1054,1
1055,1
1056,1
1057,1
1058,1
1062,1
1063,1
1064,1
1065,1
1068,1
1069,1
1070,1
1071,1
1072,1
1073,1
1074,1
1075,1
1076,1
1077,1
1078,1
1079,1
1080,1
1081,1
1083,1
1084,1
1043,13
1060,2
824,8
1004,5
565,5
875,9
1051,2
1082,2
5153,1
5154,1
5155,1
5156,1
5157,1
5159,1
5160,1
5161,1
5162,1
5163,1
5165,1
5166,2
5168,1
5169,1
5170,1
5173,1
5174,1
5175,1
5177,1
5178,1
5179,1
5180,1
5183,1
5184,1
5186,1
5187,1
5188,1
5189,1
5190,1
5192,1
5193,1
5194,1
5195,1
5196,1
5197,1
5182,3
5099,5
4873,11
5158,4
5167,3
5172,4
5176,2
2421,41
3338,109
9004,5
9078,1
9080,1
9082,1
9083,1
9084,1
9085,1
9086,1
9087,1
9088,1
9093,1
9094,1
9096,1
9097,1
9098,1
9100,1
9102,2
9103,1
9104,1
9107,1
9109,1
9112,1
9113,1
9115,1
9116,1
9117,1
9118,1
9119,1
9120,2
9122,1
9123,1
9127,1
9128,1
9130,1
9131,1
9134,2
9136,1
9139,1
9140,1
9142,1
9146,1
9147,1
9148,1
9149,1
9151,1
9152,1
9153,1
9154,1
9155,1
9156,1
9157,1
9158,1
9162,1
9164,1
9165,1
9166,1
9168,1
9169,1
9170,1
9171,1
9172,1
9174,1
9175,1
9176,1
9177,1
9178,1
8921,9
8934,7
8984,5
9079,5
9090,2
9108,2
9121,2
9124,4
9133,4
9138,2
9143,2
9144,2
9161,2
9167,2
8920,54
8926,47
8957,7
8994,14
9019,7
9033,30
9054,11
9072,16
9077,9
9111,2
9132,3
8922,38
8924,34
8928,6
8929,6
8938,50
8947,10
8959,71
8963,96
8969,8
9007,9
9089,3
9095,2
9106,5
9126,3
9150,3
9163,3
8918,31
8954,16
8966,23
8999,5
9059,8
9092,6
9125,3
9135,5
9141,2
9173,2
9099,3
9105,2
9114,8
8977,34
3707,1
3708,1
3709,1
3710,2
3711,1
3712,1
3714,1
3715,1
3716,1
3717,1
3718,1
3719,1
3722,1
3723,1
3724,1
3726,1
3727,1
3728,1
3729,1
3733,1
3734,1
3735,1
3736,2
3737,1
3738,1
3739,1
3740,1
3741,1
3745,1
3747,1
3748,1
3750,1
3751,1
3752,1
3753,1
3754,1
3756,1
3757,1
3758,1
3760,1
3761,1
3762,1
3763,1
3764,1
3765,1
3766,1
3767,1
3768,1
3721,2
3731,2
3759,2
3769,2
3720,2
3746,3
3755,3
3725,2
3732,2
3713,2
3749,4
3086,10
3744,2
3057,32
2494,32
54,49
2193,57
1574,111
7518,1
7519,1
7520,1
7521,2
7522,1
7523,1
7524,1
7525,1
7526,1
7527,1
7528,1
7529,1
7530,1
7531,1
7532,1
7533,1
7534,1
7535,1
7536,1
7537,1
7539,1
7540,1
7541,1
7543,1
7544,1
7546,1
7547,1
7548,1
7550,1
7551,1
7552,1
7554,1
7556,1
7209,31
7538,4
7555,2
7369,11
7517,3
7542,2
6058,42
6927,6
7553,2
7545,3
2234,1
2235,1
2237,1
2238,1
2239,1
2240,1
2242,1
2243,1
2244,1
2245,1
2246,1
2248,1
2249,1
2250,1
2251,1
2252,1
2253,1
2254,1
2255,1
2256,1
2262,1
2263,1
2264,1
2266,1
2267,1
2270,1
2271,1
2272,1
2273,1
2274,1
2276,1
2277,1
2280,1
2281,1
2282,1
2283,1
2284,1
2285,1
2286,1
2287,1
2288,1
2290,1
2291,1
2292,1
2293,1
2294,1
2297,1
2298,1
2299,1
2300,1
2301,1
2303,1
2304,1
2305,1
2306,1
2308,1
2309,1
2310,1
2311,1
1949,9
2257,3
2278,2
2279,2
2296,2
2064,8
2258,3
2171,12
2259,2
2289,2
2236,2
2261,6
2269,2
2241,2
2265,2
2275,8
2268,2
774,37
1328,33
2110,9
659,9
1549,23
181,290
58,148
127,88
6181,1
6182,1
6183,1
6184,1
6187,1
6189,1
6190,1
6191,1
6193,1
6194,1
6195,1
6196,1
6197,1
6198,1
6199,1
6200,1
6201,1
6202,1
6203,1
6204,1
6205,1
6206,1
6207,1
6208,1
6210,1
6212,1
6214,1
6215,1
6216,1
6217,1
6218,1
6220,1
6223,1
6224,1
6225,1
6226,1
6227,1
6188,2
6222,2
6192,3
6213,2
5869,20
6209,2
6211,2
6180,5
5824,21
6221,2
5887,8
611,1
613,1
615,1
616,1
617,1
618,1
620,1
621,1
622,1
624,2
625,1
626,1
627,1
628,1
629,1
630,1
631,1
633,1
635,1
636,1
637,1
638,1
639,1
640,1
641,1
642,1
644,1
645,1
647,1
513,5
646,4
148,33
386,7
643,2
491,18
632,3
4815,1
4816,1
4817,1
4818,1
4819,1
4820,1
4821,1
4822,1
4824,1
4826,1
4827,1
4828,1
4830,1
4832,1
4836,1
4837,1
4838,1
4839,1
4841,1
4842,1
4843,1
4844,1
4845,1
4846,1
4847,1
4848,1
4849,1
4850,1
4851,1
4852,1
4854,1
4855,1
4857,1
4858,1
4859,1
4860,1
4861,2
4862,1
4863,1
4864,1
4823,2
4669,6
4835,2
4825,8
4853,2
4115,26
4831,4
4856,3
4833,19
3890,45
4434,5
3513,120
8354,1
8355,1
8358,1
8362,1
8363,1
8365,1
8366,1
8371,1
8374,1
8376,2
8381,1
8385,1
8386,1
8390,1
8391,1
8392,1
8394,1
8395,1
8398,1
8399,1
8400,1
8401,1
8403,1
8406,1
8408,1
8411,1
8412,1
8413,1
8414,1
8416,1
8422,1
8425,1
8433,1
8434,1
8436,1
8437,1
8439,1
8442,1
8443,1
8444,1
8445,1
8447,3
8451,1
8454,1
8455,1
8456,1
8457,1
8458,1
8459,1
8464,1
8466,1
8468,1
8473,1
8474,1
8476,1
8477,1
8478,1
8481,1
8389,4
8402,6
8417,2
8424,2
8460,4
8462,2
8471,4
8350,10
8360,2
8368,3
8383,2
8393,4
8397,6
8421,2
8426,6
8435,5
8461,4
8469,4
8475,4
8347,6
8352,31
8382,21
8407,3
8418,3
8428,2
8429,2
8438,3
8441,2
8446,2
8448,3
8465,3
8470,2
8359,18
8367,3
8372,5
8378,2
8388,11
8419,4
8423,6
8450,2
8453,3
8472,4
8432,3
8415,3
3374,1
3375,1
3376,1
3377,1
3378,1
3379,1
3380,1
3381,1
3382,1
3384,1
3386,1
3387,1
3388,1
3390,1
3391,1
3392,1
3393,1
3385,2
3395,3
3389,2
883,28
7165,1
7166,1
7167,1
7168,1
7169,1
7170,1
7171,1
7172,1
7173,1
7174,1
7175,2
7176,1
7177,1
7178,1
7181,1
7183,1
7184,1
7185,1
7186,1
7187,1
7188,1
7191,1
7192,1
7193,1
7194,1
7196,2
7197,1
7198,1
7199,2
7201,1
7202,1
7203,1
7205,1
7207,1
7208,1
7211,1
7213,1
7214,1
7215,1
7216,1
7217,1
7218,1
7219,1
7221,1
7180,3
7200,2
7204,2
6989,6
7189,2
7190,2
7212,2
7220,2
6186,29
6568,47
6756,6
5287,19
6757,7
1863,1
1866,2
1867,1
1869,1
1870,1
1872,1
1874,1
1875,1
1879,1
1880,1
1882,1
1883,1
1884,1
1885,1
1886,1
1887,1
1888,1
1892,1
1893,1
1894,1
1895,1
1896,1
1897,1
1898,1
1899,1
1900,1
1901,1
1902,1
1903,1
1904,1
1905,1
1907,1
1908,1
1909,1
1910,1
1911,1
1914,1
1915,1
1916,1
1917,1
1918,1
1919,1
1920,1
1921,1
1922,1
1923,1
1924,1
1925,1
1928,2
1929,1
1931,1
1932,1
1933,1
1934,1
1935,1
1937,1
1938,1
1939,1
1941,1
1943,1
1944,1
1868,2
1891,5
1927,2
1947,4
1946,2
1889,4
1231,8
1881,2
1865,3
1926,4
1940,4
1942,2
1871,4
414,25
1876,4
1513,8
1652,6
1798,5
42,291
5855,1
5856,1
5858,1
5859,1
5860,1
5862,1
5863,1
5864,1
5865,1
5867,1
5868,1
5870,1
5871,1
5873,1
5874,1
5875,1
5872,2
5857,4
10497,1
10498,1
10499,1
10500,1
10501,1
10502,1
10504,1
10505,1
10506,1
10507,1
10508,1
10509,1
10511,1
10512,1
10513,1
10514,1
10515,1
10517,1
10518,1
10519,1
10520,1
10523,1
10524,1
10525,1
10526,4
10527,1
10528,1
10529,1
10531,2
10532,1
10533,1
10534,1
10535,1
10536,1
10537,1
10540,1
10541,1
10542,1
10543,1
10544,1
10546,1
10547,1
10548,1
10549,1
10550,1
10551,1
10552,1
10553,1
10554,1
10555,1
10556,1
10557,1
10560,1
10561,1
10562,1
10563,1
10564,1
10565,1
10566,1
10568,1
10569,1
10570,1
10572,1
10573,1
10574,1
10575,1
10576,1
10577,1
10578,1
10579,1
10580,1
10581,1
10582,1
10583,1
10584,4
10585,1
10586,1
10587,1
10588,1
10589,1
10591,1
10521,16
10522,3
10539,2
10558,3
10567,7
10571,2
10200,5
10387,14
10538,2
10545,3
10559,7
10590,2
10516,4
10402,8
10249,23
10503,2
4448,1
4449,1
4450,1
4451,1
4453,1
4455,1
4456,1
4457,1
4458,1
4459,1
4460,1
4462,1
4463,1
4464,1
4465,1
4466,1
4467,1
4468,1
4469,1
4471,1
4472,1
4473,1
4475,1
4476,1
4479,1
4480,1
4481,1
4482,2
4484,1
4485,1
4486,1
4489,1
4490,1
4491,1
4493,1
4494,1
4496,1
4497,1
4501,1
4503,1
4506,1
4507,1
4470,2
4478,2
4495,2
4498,2
4477,15
4504,2
4474,2
4349,8
4461,2
4487,2
4492,3
4502,3
4488,3
4427,11
4447,2
4452,2
478,39
8143,1
8145,1
8146,1
8148,1
8147,3
8144,2
3043,1
3044,1
3045,1
3047,1
3049,1
3050,1
3051,1
3052,1
3053,1
3055,1
3056,1
3059,1
3060,1
3061,1
3062,1
3063,1
3064,1
3066,1
3046,3
3048,2
3058,2
3054,2
2988,5
3065,2
2848,5
1743,208
676,115
6825,1
6826,1
6827,1
6828,1
6829,1
6830,3
6831,1
6832,1
6833,1
6834,1
6835,1
6836,1
6837,1
6838,1
6842,1
6843,1
6845,1
6846,1
6848,1
6849,1
6850,1
6851,1
6852,1
6853,1
6854,1
6856,1
6857,1
6858,1
6859,1
6860,1
6861,1
6862,1
6864,1
6865,1
6866,1
6867,1
6868,1
6870,1
6871,1
6872,1
6873,1
6863,4
6841,2
6869,2
6844,2
5876,25
6551,14
